,path,project,product,domain,driving_model,experiment,ensemble,rcm_model,rcm_version,time_frequency,variable,version,period_start,period_end,latest,correction,reference_dataset
0,/scratchu/tmandonnet/CORDEX5-Adjust/bias-adjusted-input/EUR-11/CLMcom/MOHC-HadGEM2-ES/historical/r1i1p1/CLMcom-CCLM4-8-17/RAW-NN/day/huss/v20260512/huss_EUR-11_MOHC-HadGEM2-ES_historical_r1i1p1_CLMcom-CCLM4-8-17_RAW-NN_day_19500101-20051230.nc,CORDEX5-Adjust,bias-adjusted-input,EUR-11,MOHC-HadGEM2-ES,historical,r1i1p1,CLMcom-CCLM4-8-17,BC2602,day,huss,v20260512,1950-01-01 00:00:00,2005-12-30 00:00:00,True,ERA5 regrid,ERA5-1976-2005
1,/scratchu/tmandonnet/CORDEX5-Adjust/bias-adjusted-input/EUR-11/CLMcom/MOHC-HadGEM2-ES/historical/r1i1p1/CLMcom-CCLM4-8-17/RAW-NN/day/pr/v20260512/pr_EUR-11_MOHC-HadGEM2-ES_historical_r1i1p1_CLMcom-CCLM4-8-17_RAW-NN_day_19500101-20051230.nc,CORDEX5-Adjust,bias-adjusted-input,EUR-11,MOHC-HadGEM2-ES,historical,r1i1p1,CLMcom-CCLM4-8-17,BC2602,day,pr,v20260512,1950-01-01 00:00:00,2005-12-30 00:00:00,True,ERA5 regrid,ERA5-1976-2005
2,/scratchu/tmandonnet/CORDEX5-Adjust/bias-adjusted-input/EUR-11/CLMcom/MOHC-HadGEM2-ES/historical/r1i1p1/CLMcom-CCLM4-8-17/RAW-NN/day/sfcWind/v20260512/sfcWind_EUR-11_MOHC-HadGEM2-ES_historical_r1i1p1_CLMcom-CCLM4-8-17_RAW-NN_day_19500101-20051230.nc,CORDEX5-Adjust,bias-adjusted-input,EUR-11,MOHC-HadGEM2-ES,historical,r1i1p1,CLMcom-CCLM4-8-17,BC2602,day,sfcWind,v20260512,1950-01-01 00:00:00,2005-12-30 00:00:00,True,ERA5 regrid,ERA5-1976-2005
3,/scratchu/tmandonnet/CORDEX5-Adjust/bias-adjusted-input/EUR-11/CLMcom/MOHC-HadGEM2-ES/historical/r1i1p1/CLMcom-CCLM4-8-17/RAW-NN/day/tas/v20260512/tas_EUR-11_MOHC-HadGEM2-ES_historical_r1i1p1_CLMcom-CCLM4-8-17_RAW-NN_day_19500101-20051230.nc,CORDEX5-Adjust,bias-adjusted-input,EUR-11,MOHC-HadGEM2-ES,historical,r1i1p1,CLMcom-CCLM4-8-17,BC2602,day,tas,v20260512,1950-01-01 00:00:00,2005-12-30 00:00:00,True,ERA5 regrid,ERA5-1976-2005
4,/scratchu/tmandonnet/CORDEX5-Adjust/bias-adjusted-input/EUR-11/CLMcom/MOHC-HadGEM2-ES/historical/r1i1p1/CLMcom-CCLM4-8-17/RAW-NN/day/tasmax/v20260512/tasmax_EUR-11_MOHC-HadGEM2-ES_historical_r1i1p1_CLMcom-CCLM4-8-17_RAW-NN_day_19500101-20051230.nc,CORDEX5-Adjust,bias-adjusted-input,EUR-11,MOHC-HadGEM2-ES,historical,r1i1p1,CLMcom-CCLM4-8-17,BC2602,day,tasmax,v20260512,1950-01-01 00:00:00,2005-12-30 00:00:00,True,ERA5 regrid,ERA5-1976-2005
5,/scratchu/tmandonnet/CORDEX5-Adjust/bias-adjusted-input/EUR-11/CLMcom/MOHC-HadGEM2-ES/historical/r1i1p1/CLMcom-CCLM4-8-17/RAW-NN/day/tasmin/v20260512/tasmin_EUR-11_MOHC-HadGEM2-ES_historical_r1i1p1_CLMcom-CCLM4-8-17_RAW-NN_day_19500101-20051230.nc,CORDEX5-Adjust,bias-adjusted-input,EUR-11,MOHC-HadGEM2-ES,historical,r1i1p1,CLMcom-CCLM4-8-17,BC2602,day,tasmin,v20260512,1950-01-01 00:00:00,2005-12-30 00:00:00,True,ERA5 regrid,ERA5-1976-2005
6,/scratchu/tmandonnet/CORDEX5-Adjust/bias-adjusted-input/EUR-11/CLMcom/MOHC-HadGEM2-ES/rcp45/r1i1p1/CLMcom-CCLM4-8-17/RAW-NN/day/huss/v20260512/huss_EUR-11_MOHC-HadGEM2-ES_rcp45_r1i1p1_CLMcom-CCLM4-8-17_RAW-NN_day_20060101-20991130.nc,CORDEX5-Adjust,bias-adjusted-input,EUR-11,MOHC-HadGEM2-ES,rcp45,r1i1p1,CLMcom-CCLM4-8-17,BC2602,day,huss,v20260512,2006-01-01 00:00:00,2099-11-30 00:00:00,True,ERA5 regrid,ERA5-1976-2005
7,/scratchu/tmandonnet/CORDEX5-Adjust/bias-adjusted-input/EUR-11/CLMcom/MOHC-HadGEM2-ES/rcp45/r1i1p1/CLMcom-CCLM4-8-17/RAW-NN/day/pr/v20260512/pr_EUR-11_MOHC-HadGEM2-ES_rcp45_r1i1p1_CLMcom-CCLM4-8-17_RAW-NN_day_20060101-20991130.nc,CORDEX5-Adjust,bias-adjusted-input,EUR-11,MOHC-HadGEM2-ES,rcp45,r1i1p1,CLMcom-CCLM4-8-17,BC2602,day,pr,v20260512,2006-01-01 00:00:00,2099-11-30 00:00:00,True,ERA5 regrid,ERA5-1976-2005
8,/scratchu/tmandonnet/CORDEX5-Adjust/bias-adjusted-input/EUR-11/CLMcom/MOHC-HadGEM2-ES/rcp45/r1i1p1/CLMcom-CCLM4-8-17/RAW-NN/day/sfcWind/v20260512/sfcWind_EUR-11_MOHC-HadGEM2-ES_rcp45_r1i1p1_CLMcom-CCLM4-8-17_RAW-NN_day_20060101-20991130.nc,CORDEX5-Adjust,bias-adjusted-input,EUR-11,MOHC-HadGEM2-ES,rcp45,r1i1p1,CLMcom-CCLM4-8-17,BC2602,day,sfcWind,v20260512,2006-01-01 00:00:00,2099-11-30 00:00:00,True,ERA5 regrid,ERA5-1976-2005
9,/scratchu/tmandonnet/CORDEX5-Adjust/bias-adjusted-input/EUR-11/CLMcom/MOHC-HadGEM2-ES/rcp45/r1i1p1/CLMcom-CCLM4-8-17/RAW-NN/day/tas/v20260512/tas_EUR-11_MOHC-HadGEM2-ES_rcp45_r1i1p1_CLMcom-CCLM4-8-17_RAW-NN_day_20060101-20991130.nc,CORDEX5-Adjust,bias-adjusted-input,EUR-11,MOHC-HadGEM2-ES,rcp45,r1i1p1,CLMcom-CCLM4-8-17,BC2602,day,tas,v20260512,2006-01-01 00:00:00,2099-11-30 00:00:00,True,ERA5 regrid,ERA5-1976-2005
10,/scratchu/tmandonnet/CORDEX5-Adjust/bias-adjusted-input/EUR-11/CLMcom/MOHC-HadGEM2-ES/rcp45/r1i1p1/CLMcom-CCLM4-8-17/RAW-NN/day/tasmax/v20260512/tasmax_EUR-11_MOHC-HadGEM2-ES_rcp45_r1i1p1_CLMcom-CCLM4-8-17_RAW-NN_day_20060101-20991130.nc,CORDEX5-Adjust,bias-adjusted-input,EUR-11,MOHC-HadGEM2-ES,rcp45,r1i1p1,CLMcom-CCLM4-8-17,BC2602,day,tasmax,v20260512,2006-01-01 00:00:00,2099-11-30 00:00:00,True,ERA5 regrid,ERA5-1976-2005
11,/scratchu/tmandonnet/CORDEX5-Adjust/bias-adjusted-input/EUR-11/CLMcom/MOHC-HadGEM2-ES/rcp45/r1i1p1/CLMcom-CCLM4-8-17/RAW-NN/day/tasmin/v20260512/tasmin_EUR-11_MOHC-HadGEM2-ES_rcp45_r1i1p1_CLMcom-CCLM4-8-17_RAW-NN_day_20060101-20991130.nc,CORDEX5-Adjust,bias-adjusted-input,EUR-11,MOHC-HadGEM2-ES,rcp45,r1i1p1,CLMcom-CCLM4-8-17,BC2602,day,tasmin,v20260512,2006-01-01 00:00:00,2099-11-30 00:00:00,True,ERA5 regrid,ERA5-1976-2005
12,/scratchu/tmandonnet/CORDEX5-Adjust/bias-adjusted-input/EUR-11/CLMcom/MOHC-HadGEM2-ES/rcp85/r1i1p1/CLMcom-CCLM4-8-17/RAW-NN/day/huss/v20260512/huss_EUR-11_MOHC-HadGEM2-ES_rcp85_r1i1p1_CLMcom-CCLM4-8-17_RAW-NN_day_20060101-20991230.nc,CORDEX5-Adjust,bias-adjusted-input,EUR-11,MOHC-HadGEM2-ES,rcp85,r1i1p1,CLMcom-CCLM4-8-17,BC2602,day,huss,v20260512,2006-01-01 00:00:00,2099-12-30 00:00:00,True,ERA5 regrid,ERA5-1976-2005
13,/scratchu/tmandonnet/CORDEX5-Adjust/bias-adjusted-input/EUR-11/CLMcom/MOHC-HadGEM2-ES/rcp85/r1i1p1/CLMcom-CCLM4-8-17/RAW-NN/day/pr/v20260512/pr_EUR-11_MOHC-HadGEM2-ES_rcp85_r1i1p1_CLMcom-CCLM4-8-17_RAW-NN_day_20060101-20991230.nc,CORDEX5-Adjust,bias-adjusted-input,EUR-11,MOHC-HadGEM2-ES,rcp85,r1i1p1,CLMcom-CCLM4-8-17,BC2602,day,pr,v20260512,2006-01-01 00:00:00,2099-12-30 00:00:00,True,ERA5 regrid,ERA5-1976-2005
14,/scratchu/tmandonnet/CORDEX5-Adjust/bias-adjusted-input/EUR-11/CLMcom/MOHC-HadGEM2-ES/rcp85/r1i1p1/CLMcom-CCLM4-8-17/RAW-NN/day/sfcWind/v20260512/sfcWind_EUR-11_MOHC-HadGEM2-ES_rcp85_r1i1p1_CLMcom-CCLM4-8-17_RAW-NN_day_20060101-20991230.nc,CORDEX5-Adjust,bias-adjusted-input,EUR-11,MOHC-HadGEM2-ES,rcp85,r1i1p1,CLMcom-CCLM4-8-17,BC2602,day,sfcWind,v20260512,2006-01-01 00:00:00,2099-12-30 00:00:00,True,ERA5 regrid,ERA5-1976-2005
15,/scratchu/tmandonnet/CORDEX5-Adjust/bias-adjusted-input/EUR-11/CLMcom/MOHC-HadGEM2-ES/rcp85/r1i1p1/CLMcom-CCLM4-8-17/RAW-NN/day/tas/v20260512/tas_EUR-11_MOHC-HadGEM2-ES_rcp85_r1i1p1_CLMcom-CCLM4-8-17_RAW-NN_day_20060101-20991230.nc,CORDEX5-Adjust,bias-adjusted-input,EUR-11,MOHC-HadGEM2-ES,rcp85,r1i1p1,CLMcom-CCLM4-8-17,BC2602,day,tas,v20260512,2006-01-01 00:00:00,2099-12-30 00:00:00,True,ERA5 regrid,ERA5-1976-2005
16,/scratchu/tmandonnet/CORDEX5-Adjust/bias-adjusted-input/EUR-11/CLMcom/MOHC-HadGEM2-ES/rcp85/r1i1p1/CLMcom-CCLM4-8-17/RAW-NN/day/tasmax/v20260512/tasmax_EUR-11_MOHC-HadGEM2-ES_rcp85_r1i1p1_CLMcom-CCLM4-8-17_RAW-NN_day_20060101-20991230.nc,CORDEX5-Adjust,bias-adjusted-input,EUR-11,MOHC-HadGEM2-ES,rcp85,r1i1p1,CLMcom-CCLM4-8-17,BC2602,day,tasmax,v20260512,2006-01-01 00:00:00,2099-12-30 00:00:00,True,ERA5 regrid,ERA5-1976-2005
17,/scratchu/tmandonnet/CORDEX5-Adjust/bias-adjusted-input/EUR-11/CLMcom/MOHC-HadGEM2-ES/rcp85/r1i1p1/CLMcom-CCLM4-8-17/RAW-NN/day/tasmin/v20260512/tasmin_EUR-11_MOHC-HadGEM2-ES_rcp85_r1i1p1_CLMcom-CCLM4-8-17_RAW-NN_day_20060101-20991230.nc,CORDEX5-Adjust,bias-adjusted-input,EUR-11,MOHC-HadGEM2-ES,rcp85,r1i1p1,CLMcom-CCLM4-8-17,BC2602,day,tasmin,v20260512,2006-01-01 00:00:00,2099-12-30 00:00:00,True,ERA5 regrid,ERA5-1976-2005
18,/scratchu/tmandonnet/CORDEX5-Adjust/bias-adjusted-input/EUR-11/CLMcom/MPI-M-MPI-ESM-LR/historical/r1i1p1/CLMcom-CCLM4-8-17/RAW-NN/day/huss/v20260512/huss_EUR-11_MPI-M-MPI-ESM-LR_historical_r1i1p1_CLMcom-CCLM4-8-17_RAW-NN_day_19500101-20051231.nc,CORDEX5-Adjust,bias-adjusted-input,EUR-11,MPI-M-MPI-ESM-LR,historical,r1i1p1,CLMcom-CCLM4-8-17,BC2602,day,huss,v20260512,1950-01-01 00:00:00,2005-12-31 00:00:00,True,ERA5 regrid,ERA5-1976-2005
19,/scratchu/tmandonnet/CORDEX5-Adjust/bias-adjusted-input/EUR-11/CLMcom/MPI-M-MPI-ESM-LR/historical/r1i1p1/CLMcom-CCLM4-8-17/RAW-NN/day/pr/v20260512/pr_EUR-11_MPI-M-MPI-ESM-LR_historical_r1i1p1_CLMcom-CCLM4-8-17_RAW-NN_day_19500101-20051231.nc,CORDEX5-Adjust,bias-adjusted-input,EUR-11,MPI-M-MPI-ESM-LR,historical,r1i1p1,CLMcom-CCLM4-8-17,BC2602,day,pr,v20260512,1950-01-01 00:00:00,2005-12-31 00:00:00,True,ERA5 regrid,ERA5-1976-2005
20,/scratchu/tmandonnet/CORDEX5-Adjust/bias-adjusted-input/EUR-11/CLMcom/MPI-M-MPI-ESM-LR/historical/r1i1p1/CLMcom-CCLM4-8-17/RAW-NN/day/sfcWind/v20260512/sfcWind_EUR-11_MPI-M-MPI-ESM-LR_historical_r1i1p1_CLMcom-CCLM4-8-17_RAW-NN_day_19500101-20051231.nc,CORDEX5-Adjust,bias-adjusted-input,EUR-11,MPI-M-MPI-ESM-LR,historical,r1i1p1,CLMcom-CCLM4-8-17,BC2602,day,sfcWind,v20260512,1950-01-01 00:00:00,2005-12-31 00:00:00,True,ERA5 regrid,ERA5-1976-2005
21,/scratchu/tmandonnet/CORDEX5-Adjust/bias-adjusted-input/EUR-11/CLMcom/MPI-M-MPI-ESM-LR/historical/r1i1p1/CLMcom-CCLM4-8-17/RAW-NN/day/tas/v20260512/tas_EUR-11_MPI-M-MPI-ESM-LR_historical_r1i1p1_CLMcom-CCLM4-8-17_RAW-NN_day_19500101-20051231.nc,CORDEX5-Adjust,bias-adjusted-input,EUR-11,MPI-M-MPI-ESM-LR,historical,r1i1p1,CLMcom-CCLM4-8-17,BC2602,day,tas,v20260512,1950-01-01 00:00:00,2005-12-31 00:00:00,True,ERA5 regrid,ERA5-1976-2005
22,/scratchu/tmandonnet/CORDEX5-Adjust/bias-adjusted-input/EUR-11/CLMcom/MPI-M-MPI-ESM-LR/historical/r1i1p1/CLMcom-CCLM4-8-17/RAW-NN/day/tasmax/v20260512/tasmax_EUR-11_MPI-M-MPI-ESM-LR_historical_r1i1p1_CLMcom-CCLM4-8-17_RAW-NN_day_19500101-20051231.nc,CORDEX5-Adjust,bias-adjusted-input,EUR-11,MPI-M-MPI-ESM-LR,historical,r1i1p1,CLMcom-CCLM4-8-17,BC2602,day,tasmax,v20260512,1950-01-01 00:00:00,2005-12-31 00:00:00,True,ERA5 regrid,ERA5-1976-2005
23,/scratchu/tmandonnet/CORDEX5-Adjust/bias-adjusted-input/EUR-11/CLMcom/MPI-M-MPI-ESM-LR/historical/r1i1p1/CLMcom-CCLM4-8-17/RAW-NN/day/tasmin/v20260512/tasmin_EUR-11_MPI-M-MPI-ESM-LR_historical_r1i1p1_CLMcom-CCLM4-8-17_RAW-NN_day_19500101-20051231.nc,CORDEX5-Adjust,bias-adjusted-input,EUR-11,MPI-M-MPI-ESM-LR,historical,r1i1p1,CLMcom-CCLM4-8-17,BC2602,day,tasmin,v20260512,1950-01-01 00:00:00,2005-12-31 00:00:00,True,ERA5 regrid,ERA5-1976-2005
24,/scratchu/tmandonnet/CORDEX5-Adjust/bias-adjusted-input/EUR-11/CLMcom/MPI-M-MPI-ESM-LR/rcp45/r1i1p1/CLMcom-CCLM4-8-17/RAW-NN/day/huss/v20260512/huss_EUR-11_MPI-M-MPI-ESM-LR_rcp45_r1i1p1_CLMcom-CCLM4-8-17_RAW-NN_day_20060101-21001231.nc,CORDEX5-Adjust,bias-adjusted-input,EUR-11,MPI-M-MPI-ESM-LR,rcp45,r1i1p1,CLMcom-CCLM4-8-17,BC2602,day,huss,v20260512,2006-01-01 00:00:00,2100-12-31 00:00:00,True,ERA5 regrid,ERA5-1976-2005
25,/scratchu/tmandonnet/CORDEX5-Adjust/bias-adjusted-input/EUR-11/CLMcom/MPI-M-MPI-ESM-LR/rcp45/r1i1p1/CLMcom-CCLM4-8-17/RAW-NN/day/pr/v20260512/pr_EUR-11_MPI-M-MPI-ESM-LR_rcp45_r1i1p1_CLMcom-CCLM4-8-17_RAW-NN_day_20060101-21001231.nc,CORDEX5-Adjust,bias-adjusted-input,EUR-11,MPI-M-MPI-ESM-LR,rcp45,r1i1p1,CLMcom-CCLM4-8-17,BC2602,day,pr,v20260512,2006-01-01 00:00:00,2100-12-31 00:00:00,True,ERA5 regrid,ERA5-1976-2005
26,/scratchu/tmandonnet/CORDEX5-Adjust/bias-adjusted-input/EUR-11/CLMcom/MPI-M-MPI-ESM-LR/rcp45/r1i1p1/CLMcom-CCLM4-8-17/RAW-NN/day/sfcWind/v20260512/sfcWind_EUR-11_MPI-M-MPI-ESM-LR_rcp45_r1i1p1_CLMcom-CCLM4-8-17_RAW-NN_day_20060101-21001231.nc,CORDEX5-Adjust,bias-adjusted-input,EUR-11,MPI-M-MPI-ESM-LR,rcp45,r1i1p1,CLMcom-CCLM4-8-17,BC2602,day,sfcWind,v20260512,2006-01-01 00:00:00,2100-12-31 00:00:00,True,ERA5 regrid,ERA5-1976-2005
27,/scratchu/tmandonnet/CORDEX5-Adjust/bias-adjusted-input/EUR-11/CLMcom/MPI-M-MPI-ESM-LR/rcp45/r1i1p1/CLMcom-CCLM4-8-17/RAW-NN/day/tas/v20260512/tas_EUR-11_MPI-M-MPI-ESM-LR_rcp45_r1i1p1_CLMcom-CCLM4-8-17_RAW-NN_day_20060101-21001231.nc,CORDEX5-Adjust,bias-adjusted-input,EUR-11,MPI-M-MPI-ESM-LR,rcp45,r1i1p1,CLMcom-CCLM4-8-17,BC2602,day,tas,v20260512,2006-01-01 00:00:00,2100-12-31 00:00:00,True,ERA5 regrid,ERA5-1976-2005
28,/scratchu/tmandonnet/CORDEX5-Adjust/bias-adjusted-input/EUR-11/CLMcom/MPI-M-MPI-ESM-LR/rcp45/r1i1p1/CLMcom-CCLM4-8-17/RAW-NN/day/tasmax/v20260512/tasmax_EUR-11_MPI-M-MPI-ESM-LR_rcp45_r1i1p1_CLMcom-CCLM4-8-17_RAW-NN_day_20060101-21001231.nc,CORDEX5-Adjust,bias-adjusted-input,EUR-11,MPI-M-MPI-ESM-LR,rcp45,r1i1p1,CLMcom-CCLM4-8-17,BC2602,day,tasmax,v20260512,2006-01-01 00:00:00,2100-12-31 00:00:00,True,ERA5 regrid,ERA5-1976-2005
29,/scratchu/tmandonnet/CORDEX5-Adjust/bias-adjusted-input/EUR-11/CLMcom/MPI-M-MPI-ESM-LR/rcp45/r1i1p1/CLMcom-CCLM4-8-17/RAW-NN/day/tasmin/v20260512/tasmin_EUR-11_MPI-M-MPI-ESM-LR_rcp45_r1i1p1_CLMcom-CCLM4-8-17_RAW-NN_day_20060101-21001231.nc,CORDEX5-Adjust,bias-adjusted-input,EUR-11,MPI-M-MPI-ESM-LR,rcp45,r1i1p1,CLMcom-CCLM4-8-17,BC2602,day,tasmin,v20260512,2006-01-01 00:00:00,2100-12-31 00:00:00,True,ERA5 regrid,ERA5-1976-2005
30,/scratchu/tmandonnet/CORDEX5-Adjust/bias-adjusted-input/EUR-11/CLMcom/MPI-M-MPI-ESM-LR/rcp85/r1i1p1/CLMcom-CCLM4-8-17/RAW-NN/day/huss/v20260512/huss_EUR-11_MPI-M-MPI-ESM-LR_rcp85_r1i1p1_CLMcom-CCLM4-8-17_RAW-NN_day_20060101-21001231.nc,CORDEX5-Adjust,bias-adjusted-input,EUR-11,MPI-M-MPI-ESM-LR,rcp85,r1i1p1,CLMcom-CCLM4-8-17,BC2602,day,huss,v20260512,2006-01-01 00:00:00,2100-12-31 00:00:00,True,ERA5 regrid,ERA5-1976-2005
31,/scratchu/tmandonnet/CORDEX5-Adjust/bias-adjusted-input/EUR-11/CLMcom/MPI-M-MPI-ESM-LR/rcp85/r1i1p1/CLMcom-CCLM4-8-17/RAW-NN/day/pr/v20260512/pr_EUR-11_MPI-M-MPI-ESM-LR_rcp85_r1i1p1_CLMcom-CCLM4-8-17_RAW-NN_day_20060101-21001231.nc,CORDEX5-Adjust,bias-adjusted-input,EUR-11,MPI-M-MPI-ESM-LR,rcp85,r1i1p1,CLMcom-CCLM4-8-17,BC2602,day,pr,v20260512,2006-01-01 00:00:00,2100-12-31 00:00:00,True,ERA5 regrid,ERA5-1976-2005
32,/scratchu/tmandonnet/CORDEX5-Adjust/bias-adjusted-input/EUR-11/CLMcom/MPI-M-MPI-ESM-LR/rcp85/r1i1p1/CLMcom-CCLM4-8-17/RAW-NN/day/sfcWind/v20260512/sfcWind_EUR-11_MPI-M-MPI-ESM-LR_rcp85_r1i1p1_CLMcom-CCLM4-8-17_RAW-NN_day_20060101-21001231.nc,CORDEX5-Adjust,bias-adjusted-input,EUR-11,MPI-M-MPI-ESM-LR,rcp85,r1i1p1,CLMcom-CCLM4-8-17,BC2602,day,sfcWind,v20260512,2006-01-01 00:00:00,2100-12-31 00:00:00,True,ERA5 regrid,ERA5-1976-2005
33,/scratchu/tmandonnet/CORDEX5-Adjust/bias-adjusted-input/EUR-11/CLMcom/MPI-M-MPI-ESM-LR/rcp85/r1i1p1/CLMcom-CCLM4-8-17/RAW-NN/day/tas/v20260512/tas_EUR-11_MPI-M-MPI-ESM-LR_rcp85_r1i1p1_CLMcom-CCLM4-8-17_RAW-NN_day_20060101-21001231.nc,CORDEX5-Adjust,bias-adjusted-input,EUR-11,MPI-M-MPI-ESM-LR,rcp85,r1i1p1,CLMcom-CCLM4-8-17,BC2602,day,tas,v20260512,2006-01-01 00:00:00,2100-12-31 00:00:00,True,ERA5 regrid,ERA5-1976-2005
34,/scratchu/tmandonnet/CORDEX5-Adjust/bias-adjusted-input/EUR-11/CLMcom/MPI-M-MPI-ESM-LR/rcp85/r1i1p1/CLMcom-CCLM4-8-17/RAW-NN/day/tasmax/v20260512/tasmax_EUR-11_MPI-M-MPI-ESM-LR_rcp85_r1i1p1_CLMcom-CCLM4-8-17_RAW-NN_day_20060101-21001231.nc,CORDEX5-Adjust,bias-adjusted-input,EUR-11,MPI-M-MPI-ESM-LR,rcp85,r1i1p1,CLMcom-CCLM4-8-17,BC2602,day,tasmax,v20260512,2006-01-01 00:00:00,2100-12-31 00:00:00,True,ERA5 regrid,ERA5-1976-2005
35,/scratchu/tmandonnet/CORDEX5-Adjust/bias-adjusted-input/EUR-11/CLMcom/MPI-M-MPI-ESM-LR/rcp85/r1i1p1/CLMcom-CCLM4-8-17/RAW-NN/day/tasmin/v20260512/tasmin_EUR-11_MPI-M-MPI-ESM-LR_rcp85_r1i1p1_CLMcom-CCLM4-8-17_RAW-NN_day_20060101-21001231.nc,CORDEX5-Adjust,bias-adjusted-input,EUR-11,MPI-M-MPI-ESM-LR,rcp85,r1i1p1,CLMcom-CCLM4-8-17,BC2602,day,tasmin,v20260512,2006-01-01 00:00:00,2100-12-31 00:00:00,True,ERA5 regrid,ERA5-1976-2005
36,/scratchu/tmandonnet/CORDEX5-Adjust/bias-adjusted-input/EUR-11/CNRM/CNRM-CERFACS-CNRM-CM5/historical/r1i1p1/CNRM-ALADIN63/RAW-NN/day/hurs/v20260512/hurs_EUR-11_CNRM-CERFACS-CNRM-CM5_historical_r1i1p1_CNRM-ALADIN63_RAW-NN_day_19510101-20051231.nc,CORDEX5-Adjust,bias-adjusted-input,EUR-11,CNRM-CERFACS-CNRM-CM5,historical,r1i1p1,CNRM-ALADIN63,BC2602,day,hurs,v20260512,1951-01-01 00:00:00,2005-12-31 00:00:00,True,ERA5 regrid,ERA5-1976-2005
37,/scratchu/tmandonnet/CORDEX5-Adjust/bias-adjusted-input/EUR-11/CNRM/CNRM-CERFACS-CNRM-CM5/historical/r1i1p1/CNRM-ALADIN63/RAW-NN/day/huss/v20260512/huss_EUR-11_CNRM-CERFACS-CNRM-CM5_historical_r1i1p1_CNRM-ALADIN63_RAW-NN_day_19510101-20051231.nc,CORDEX5-Adjust,bias-adjusted-input,EUR-11,CNRM-CERFACS-CNRM-CM5,historical,r1i1p1,CNRM-ALADIN63,BC2602,day,huss,v20260512,1951-01-01 00:00:00,2005-12-31 00:00:00,True,ERA5 regrid,ERA5-1976-2005
38,/scratchu/tmandonnet/CORDEX5-Adjust/bias-adjusted-input/EUR-11/CNRM/CNRM-CERFACS-CNRM-CM5/historical/r1i1p1/CNRM-ALADIN63/RAW-NN/day/pr/v20260512/pr_EUR-11_CNRM-CERFACS-CNRM-CM5_historical_r1i1p1_CNRM-ALADIN63_RAW-NN_day_19510101-20051231.nc,CORDEX5-Adjust,bias-adjusted-input,EUR-11,CNRM-CERFACS-CNRM-CM5,historical,r1i1p1,CNRM-ALADIN63,BC2602,day,pr,v20260512,1951-01-01 00:00:00,2005-12-31 00:00:00,True,ERA5 regrid,ERA5-1976-2005
39,/scratchu/tmandonnet/CORDEX5-Adjust/bias-adjusted-input/EUR-11/CNRM/CNRM-CERFACS-CNRM-CM5/historical/r1i1p1/CNRM-ALADIN63/RAW-NN/day/sfcWind/v20260512/sfcWind_EUR-11_CNRM-CERFACS-CNRM-CM5_historical_r1i1p1_CNRM-ALADIN63_RAW-NN_day_19510101-20051231.nc,CORDEX5-Adjust,bias-adjusted-input,EUR-11,CNRM-CERFACS-CNRM-CM5,historical,r1i1p1,CNRM-ALADIN63,BC2602,day,sfcWind,v20260512,1951-01-01 00:00:00,2005-12-31 00:00:00,True,ERA5 regrid,ERA5-1976-2005
40,/scratchu/tmandonnet/CORDEX5-Adjust/bias-adjusted-input/EUR-11/CNRM/CNRM-CERFACS-CNRM-CM5/historical/r1i1p1/CNRM-ALADIN63/RAW-NN/day/tas/v20260512/tas_EUR-11_CNRM-CERFACS-CNRM-CM5_historical_r1i1p1_CNRM-ALADIN63_RAW-NN_day_19510101-20051231.nc,CORDEX5-Adjust,bias-adjusted-input,EUR-11,CNRM-CERFACS-CNRM-CM5,historical,r1i1p1,CNRM-ALADIN63,BC2602,day,tas,v20260512,1951-01-01 00:00:00,2005-12-31 00:00:00,True,ERA5 regrid,ERA5-1976-2005
41,/scratchu/tmandonnet/CORDEX5-Adjust/bias-adjusted-input/EUR-11/CNRM/CNRM-CERFACS-CNRM-CM5/historical/r1i1p1/CNRM-ALADIN63/RAW-NN/day/tasmax/v20260512/tasmax_EUR-11_CNRM-CERFACS-CNRM-CM5_historical_r1i1p1_CNRM-ALADIN63_RAW-NN_day_19510101-20051231.nc,CORDEX5-Adjust,bias-adjusted-input,EUR-11,CNRM-CERFACS-CNRM-CM5,historical,r1i1p1,CNRM-ALADIN63,BC2602,day,tasmax,v20260512,1951-01-01 00:00:00,2005-12-31 00:00:00,True,ERA5 regrid,ERA5-1976-2005
42,/scratchu/tmandonnet/CORDEX5-Adjust/bias-adjusted-input/EUR-11/CNRM/CNRM-CERFACS-CNRM-CM5/historical/r1i1p1/CNRM-ALADIN63/RAW-NN/day/tasmin/v20260512/tasmin_EUR-11_CNRM-CERFACS-CNRM-CM5_historical_r1i1p1_CNRM-ALADIN63_RAW-NN_day_19510101-20051231.nc,CORDEX5-Adjust,bias-adjusted-input,EUR-11,CNRM-CERFACS-CNRM-CM5,historical,r1i1p1,CNRM-ALADIN63,BC2602,day,tasmin,v20260512,1951-01-01 00:00:00,2005-12-31 00:00:00,True,ERA5 regrid,ERA5-1976-2005
43,/scratchu/tmandonnet/CORDEX5-Adjust/bias-adjusted-input/EUR-11/CNRM/CNRM-CERFACS-CNRM-CM5/rcp45/r1i1p1/CNRM-ALADIN63/RAW-NN/day/hurs/v20260512/hurs_EUR-11_CNRM-CERFACS-CNRM-CM5_rcp45_r1i1p1_CNRM-ALADIN63_RAW-NN_day_20060101-21001231.nc,CORDEX5-Adjust,bias-adjusted-input,EUR-11,CNRM-CERFACS-CNRM-CM5,rcp45,r1i1p1,CNRM-ALADIN63,BC2602,day,hurs,v20260512,2006-01-01 00:00:00,2100-12-31 00:00:00,True,ERA5 regrid,ERA5-1976-2005
44,/scratchu/tmandonnet/CORDEX5-Adjust/bias-adjusted-input/EUR-11/CNRM/CNRM-CERFACS-CNRM-CM5/rcp45/r1i1p1/CNRM-ALADIN63/RAW-NN/day/huss/v20260512/huss_EUR-11_CNRM-CERFACS-CNRM-CM5_rcp45_r1i1p1_CNRM-ALADIN63_RAW-NN_day_20060101-21001231.nc,CORDEX5-Adjust,bias-adjusted-input,EUR-11,CNRM-CERFACS-CNRM-CM5,rcp45,r1i1p1,CNRM-ALADIN63,BC2602,day,huss,v20260512,2006-01-01 00:00:00,2100-12-31 00:00:00,True,ERA5 regrid,ERA5-1976-2005
45,/scratchu/tmandonnet/CORDEX5-Adjust/bias-adjusted-input/EUR-11/CNRM/CNRM-CERFACS-CNRM-CM5/rcp45/r1i1p1/CNRM-ALADIN63/RAW-NN/day/pr/v20260512/pr_EUR-11_CNRM-CERFACS-CNRM-CM5_rcp45_r1i1p1_CNRM-ALADIN63_RAW-NN_day_20060101-21001231.nc,CORDEX5-Adjust,bias-adjusted-input,EUR-11,CNRM-CERFACS-CNRM-CM5,rcp45,r1i1p1,CNRM-ALADIN63,BC2602,day,pr,v20260512,2006-01-01 00:00:00,2100-12-31 00:00:00,True,ERA5 regrid,ERA5-1976-2005
46,/scratchu/tmandonnet/CORDEX5-Adjust/bias-adjusted-input/EUR-11/CNRM/CNRM-CERFACS-CNRM-CM5/rcp45/r1i1p1/CNRM-ALADIN63/RAW-NN/day/sfcWind/v20260512/sfcWind_EUR-11_CNRM-CERFACS-CNRM-CM5_rcp45_r1i1p1_CNRM-ALADIN63_RAW-NN_day_20060101-21001231.nc,CORDEX5-Adjust,bias-adjusted-input,EUR-11,CNRM-CERFACS-CNRM-CM5,rcp45,r1i1p1,CNRM-ALADIN63,BC2602,day,sfcWind,v20260512,2006-01-01 00:00:00,2100-12-31 00:00:00,True,ERA5 regrid,ERA5-1976-2005
47,/scratchu/tmandonnet/CORDEX5-Adjust/bias-adjusted-input/EUR-11/CNRM/CNRM-CERFACS-CNRM-CM5/rcp45/r1i1p1/CNRM-ALADIN63/RAW-NN/day/tas/v20260512/tas_EUR-11_CNRM-CERFACS-CNRM-CM5_rcp45_r1i1p1_CNRM-ALADIN63_RAW-NN_day_20060101-21001231.nc,CORDEX5-Adjust,bias-adjusted-input,EUR-11,CNRM-CERFACS-CNRM-CM5,rcp45,r1i1p1,CNRM-ALADIN63,BC2602,day,tas,v20260512,2006-01-01 00:00:00,2100-12-31 00:00:00,True,ERA5 regrid,ERA5-1976-2005
48,/scratchu/tmandonnet/CORDEX5-Adjust/bias-adjusted-input/EUR-11/CNRM/CNRM-CERFACS-CNRM-CM5/rcp45/r1i1p1/CNRM-ALADIN63/RAW-NN/day/tasmax/v20260512/tasmax_EUR-11_CNRM-CERFACS-CNRM-CM5_rcp45_r1i1p1_CNRM-ALADIN63_RAW-NN_day_20060101-21001231.nc,CORDEX5-Adjust,bias-adjusted-input,EUR-11,CNRM-CERFACS-CNRM-CM5,rcp45,r1i1p1,CNRM-ALADIN63,BC2602,day,tasmax,v20260512,2006-01-01 00:00:00,2100-12-31 00:00:00,True,ERA5 regrid,ERA5-1976-2005
49,/scratchu/tmandonnet/CORDEX5-Adjust/bias-adjusted-input/EUR-11/CNRM/CNRM-CERFACS-CNRM-CM5/rcp45/r1i1p1/CNRM-ALADIN63/RAW-NN/day/tasmin/v20260512/tasmin_EUR-11_CNRM-CERFACS-CNRM-CM5_rcp45_r1i1p1_CNRM-ALADIN63_RAW-NN_day_20060101-21001231.nc,CORDEX5-Adjust,bias-adjusted-input,EUR-11,CNRM-CERFACS-CNRM-CM5,rcp45,r1i1p1,CNRM-ALADIN63,BC2602,day,tasmin,v20260512,2006-01-01 00:00:00,2100-12-31 00:00:00,True,ERA5 regrid,ERA5-1976-2005
50,/scratchu/tmandonnet/CORDEX5-Adjust/bias-adjusted-input/EUR-11/CNRM/CNRM-CERFACS-CNRM-CM5/rcp85/r1i1p1/CNRM-ALADIN63/RAW-NN/day/hurs/v20260512/hurs_EUR-11_CNRM-CERFACS-CNRM-CM5_rcp85_r1i1p1_CNRM-ALADIN63_RAW-NN_day_20060101-21001231.nc,CORDEX5-Adjust,bias-adjusted-input,EUR-11,CNRM-CERFACS-CNRM-CM5,rcp85,r1i1p1,CNRM-ALADIN63,BC2602,day,hurs,v20260512,2006-01-01 00:00:00,2100-12-31 00:00:00,True,ERA5 regrid,ERA5-1976-2005
51,/scratchu/tmandonnet/CORDEX5-Adjust/bias-adjusted-input/EUR-11/CNRM/CNRM-CERFACS-CNRM-CM5/rcp85/r1i1p1/CNRM-ALADIN63/RAW-NN/day/huss/v20260512/huss_EUR-11_CNRM-CERFACS-CNRM-CM5_rcp85_r1i1p1_CNRM-ALADIN63_RAW-NN_day_20060101-21001231.nc,CORDEX5-Adjust,bias-adjusted-input,EUR-11,CNRM-CERFACS-CNRM-CM5,rcp85,r1i1p1,CNRM-ALADIN63,BC2602,day,huss,v20260512,2006-01-01 00:00:00,2100-12-31 00:00:00,True,ERA5 regrid,ERA5-1976-2005
52,/scratchu/tmandonnet/CORDEX5-Adjust/bias-adjusted-input/EUR-11/CNRM/CNRM-CERFACS-CNRM-CM5/rcp85/r1i1p1/CNRM-ALADIN63/RAW-NN/day/pr/v20260512/pr_EUR-11_CNRM-CERFACS-CNRM-CM5_rcp85_r1i1p1_CNRM-ALADIN63_RAW-NN_day_20060101-21001231.nc,CORDEX5-Adjust,bias-adjusted-input,EUR-11,CNRM-CERFACS-CNRM-CM5,rcp85,r1i1p1,CNRM-ALADIN63,BC2602,day,pr,v20260512,2006-01-01 00:00:00,2100-12-31 00:00:00,True,ERA5 regrid,ERA5-1976-2005
53,/scratchu/tmandonnet/CORDEX5-Adjust/bias-adjusted-input/EUR-11/CNRM/CNRM-CERFACS-CNRM-CM5/rcp85/r1i1p1/CNRM-ALADIN63/RAW-NN/day/sfcWind/v20260512/sfcWind_EUR-11_CNRM-CERFACS-CNRM-CM5_rcp85_r1i1p1_CNRM-ALADIN63_RAW-NN_day_20060101-21001231.nc,CORDEX5-Adjust,bias-adjusted-input,EUR-11,CNRM-CERFACS-CNRM-CM5,rcp85,r1i1p1,CNRM-ALADIN63,BC2602,day,sfcWind,v20260512,2006-01-01 00:00:00,2100-12-31 00:00:00,True,ERA5 regrid,ERA5-1976-2005
54,/scratchu/tmandonnet/CORDEX5-Adjust/bias-adjusted-input/EUR-11/CNRM/CNRM-CERFACS-CNRM-CM5/rcp85/r1i1p1/CNRM-ALADIN63/RAW-NN/day/tas/v20260512/tas_EUR-11_CNRM-CERFACS-CNRM-CM5_rcp85_r1i1p1_CNRM-ALADIN63_RAW-NN_day_20060101-21001231.nc,CORDEX5-Adjust,bias-adjusted-input,EUR-11,CNRM-CERFACS-CNRM-CM5,rcp85,r1i1p1,CNRM-ALADIN63,BC2602,day,tas,v20260512,2006-01-01 00:00:00,2100-12-31 00:00:00,True,ERA5 regrid,ERA5-1976-2005
55,/scratchu/tmandonnet/CORDEX5-Adjust/bias-adjusted-input/EUR-11/CNRM/CNRM-CERFACS-CNRM-CM5/rcp85/r1i1p1/CNRM-ALADIN63/RAW-NN/day/tasmax/v20260512/tasmax_EUR-11_CNRM-CERFACS-CNRM-CM5_rcp85_r1i1p1_CNRM-ALADIN63_RAW-NN_day_20060101-21001231.nc,CORDEX5-Adjust,bias-adjusted-input,EUR-11,CNRM-CERFACS-CNRM-CM5,rcp85,r1i1p1,CNRM-ALADIN63,BC2602,day,tasmax,v20260512,2006-01-01 00:00:00,2100-12-31 00:00:00,True,ERA5 regrid,ERA5-1976-2005
56,/scratchu/tmandonnet/CORDEX5-Adjust/bias-adjusted-input/EUR-11/CNRM/CNRM-CERFACS-CNRM-CM5/rcp85/r1i1p1/CNRM-ALADIN63/RAW-NN/day/tasmin/v20260512/tasmin_EUR-11_CNRM-CERFACS-CNRM-CM5_rcp85_r1i1p1_CNRM-ALADIN63_RAW-NN_day_20060101-21001231.nc,CORDEX5-Adjust,bias-adjusted-input,EUR-11,CNRM-CERFACS-CNRM-CM5,rcp85,r1i1p1,CNRM-ALADIN63,BC2602,day,tasmin,v20260512,2006-01-01 00:00:00,2100-12-31 00:00:00,True,ERA5 regrid,ERA5-1976-2005
57,/scratchu/tmandonnet/CORDEX5-Adjust/bias-adjusted-input/EUR-11/CNRM/MOHC-HadGEM2-ES/historical/r1i1p1/CNRM-ALADIN63/RAW-NN/day/hurs/v20260512/hurs_EUR-11_MOHC-HadGEM2-ES_historical_r1i1p1_CNRM-ALADIN63_RAW-NN_day_19510101-20051231.nc,CORDEX5-Adjust,bias-adjusted-input,EUR-11,MOHC-HadGEM2-ES,historical,r1i1p1,CNRM-ALADIN63,BC2602,day,hurs,v20260512,1951-01-01 00:00:00,2005-12-31 00:00:00,True,ERA5 regrid,ERA5-1976-2005
58,/scratchu/tmandonnet/CORDEX5-Adjust/bias-adjusted-input/EUR-11/CNRM/MOHC-HadGEM2-ES/historical/r1i1p1/CNRM-ALADIN63/RAW-NN/day/huss/v20260512/huss_EUR-11_MOHC-HadGEM2-ES_historical_r1i1p1_CNRM-ALADIN63_RAW-NN_day_19510101-20051231.nc,CORDEX5-Adjust,bias-adjusted-input,EUR-11,MOHC-HadGEM2-ES,historical,r1i1p1,CNRM-ALADIN63,BC2602,day,huss,v20260512,1951-01-01 00:00:00,2005-12-31 00:00:00,True,ERA5 regrid,ERA5-1976-2005
59,/scratchu/tmandonnet/CORDEX5-Adjust/bias-adjusted-input/EUR-11/CNRM/MOHC-HadGEM2-ES/historical/r1i1p1/CNRM-ALADIN63/RAW-NN/day/pr/v20260512/pr_EUR-11_MOHC-HadGEM2-ES_historical_r1i1p1_CNRM-ALADIN63_RAW-NN_day_19510101-20051231.nc,CORDEX5-Adjust,bias-adjusted-input,EUR-11,MOHC-HadGEM2-ES,historical,r1i1p1,CNRM-ALADIN63,BC2602,day,pr,v20260512,1951-01-01 00:00:00,2005-12-31 00:00:00,True,ERA5 regrid,ERA5-1976-2005
60,/scratchu/tmandonnet/CORDEX5-Adjust/bias-adjusted-input/EUR-11/CNRM/MOHC-HadGEM2-ES/historical/r1i1p1/CNRM-ALADIN63/RAW-NN/day/sfcWind/v20260512/sfcWind_EUR-11_MOHC-HadGEM2-ES_historical_r1i1p1_CNRM-ALADIN63_RAW-NN_day_19510101-20051231.nc,CORDEX5-Adjust,bias-adjusted-input,EUR-11,MOHC-HadGEM2-ES,historical,r1i1p1,CNRM-ALADIN63,BC2602,day,sfcWind,v20260512,1951-01-01 00:00:00,2005-12-31 00:00:00,True,ERA5 regrid,ERA5-1976-2005
61,/scratchu/tmandonnet/CORDEX5-Adjust/bias-adjusted-input/EUR-11/CNRM/MOHC-HadGEM2-ES/historical/r1i1p1/CNRM-ALADIN63/RAW-NN/day/tas/v20260512/tas_EUR-11_MOHC-HadGEM2-ES_historical_r1i1p1_CNRM-ALADIN63_RAW-NN_day_19510101-20051231.nc,CORDEX5-Adjust,bias-adjusted-input,EUR-11,MOHC-HadGEM2-ES,historical,r1i1p1,CNRM-ALADIN63,BC2602,day,tas,v20260512,1951-01-01 00:00:00,2005-12-31 00:00:00,True,ERA5 regrid,ERA5-1976-2005
62,/scratchu/tmandonnet/CORDEX5-Adjust/bias-adjusted-input/EUR-11/CNRM/MOHC-HadGEM2-ES/historical/r1i1p1/CNRM-ALADIN63/RAW-NN/day/tasmax/v20260512/tasmax_EUR-11_MOHC-HadGEM2-ES_historical_r1i1p1_CNRM-ALADIN63_RAW-NN_day_19510101-20051231.nc,CORDEX5-Adjust,bias-adjusted-input,EUR-11,MOHC-HadGEM2-ES,historical,r1i1p1,CNRM-ALADIN63,BC2602,day,tasmax,v20260512,1951-01-01 00:00:00,2005-12-31 00:00:00,True,ERA5 regrid,ERA5-1976-2005
63,/scratchu/tmandonnet/CORDEX5-Adjust/bias-adjusted-input/EUR-11/CNRM/MOHC-HadGEM2-ES/historical/r1i1p1/CNRM-ALADIN63/RAW-NN/day/tasmin/v20260512/tasmin_EUR-11_MOHC-HadGEM2-ES_historical_r1i1p1_CNRM-ALADIN63_RAW-NN_day_19510101-20051231.nc,CORDEX5-Adjust,bias-adjusted-input,EUR-11,MOHC-HadGEM2-ES,historical,r1i1p1,CNRM-ALADIN63,BC2602,day,tasmin,v20260512,1951-01-01 00:00:00,2005-12-31 00:00:00,True,ERA5 regrid,ERA5-1976-2005
64,/scratchu/tmandonnet/CORDEX5-Adjust/bias-adjusted-input/EUR-11/CNRM/MOHC-HadGEM2-ES/rcp85/r1i1p1/CNRM-ALADIN63/RAW-NN/day/hurs/v20260512/hurs_EUR-11_MOHC-HadGEM2-ES_rcp85_r1i1p1_CNRM-ALADIN63_RAW-NN_day_20060101-20991231.nc,CORDEX5-Adjust,bias-adjusted-input,EUR-11,MOHC-HadGEM2-ES,rcp85,r1i1p1,CNRM-ALADIN63,BC2602,day,hurs,v20260512,2006-01-01 00:00:00,2099-12-31 00:00:00,True,ERA5 regrid,ERA5-1976-2005
65,/scratchu/tmandonnet/CORDEX5-Adjust/bias-adjusted-input/EUR-11/CNRM/MOHC-HadGEM2-ES/rcp85/r1i1p1/CNRM-ALADIN63/RAW-NN/day/huss/v20260512/huss_EUR-11_MOHC-HadGEM2-ES_rcp85_r1i1p1_CNRM-ALADIN63_RAW-NN_day_20060101-20991231.nc,CORDEX5-Adjust,bias-adjusted-input,EUR-11,MOHC-HadGEM2-ES,rcp85,r1i1p1,CNRM-ALADIN63,BC2602,day,huss,v20260512,2006-01-01 00:00:00,2099-12-31 00:00:00,True,ERA5 regrid,ERA5-1976-2005
66,/scratchu/tmandonnet/CORDEX5-Adjust/bias-adjusted-input/EUR-11/CNRM/MOHC-HadGEM2-ES/rcp85/r1i1p1/CNRM-ALADIN63/RAW-NN/day/pr/v20260512/pr_EUR-11_MOHC-HadGEM2-ES_rcp85_r1i1p1_CNRM-ALADIN63_RAW-NN_day_20060101-20991231.nc,CORDEX5-Adjust,bias-adjusted-input,EUR-11,MOHC-HadGEM2-ES,rcp85,r1i1p1,CNRM-ALADIN63,BC2602,day,pr,v20260512,2006-01-01 00:00:00,2099-12-31 00:00:00,True,ERA5 regrid,ERA5-1976-2005
67,/scratchu/tmandonnet/CORDEX5-Adjust/bias-adjusted-input/EUR-11/CNRM/MOHC-HadGEM2-ES/rcp85/r1i1p1/CNRM-ALADIN63/RAW-NN/day/sfcWind/v20260512/sfcWind_EUR-11_MOHC-HadGEM2-ES_rcp85_r1i1p1_CNRM-ALADIN63_RAW-NN_day_20060101-20991231.nc,CORDEX5-Adjust,bias-adjusted-input,EUR-11,MOHC-HadGEM2-ES,rcp85,r1i1p1,CNRM-ALADIN63,BC2602,day,sfcWind,v20260512,2006-01-01 00:00:00,2099-12-31 00:00:00,True,ERA5 regrid,ERA5-1976-2005
68,/scratchu/tmandonnet/CORDEX5-Adjust/bias-adjusted-input/EUR-11/CNRM/MOHC-HadGEM2-ES/rcp85/r1i1p1/CNRM-ALADIN63/RAW-NN/day/tas/v20260512/tas_EUR-11_MOHC-HadGEM2-ES_rcp85_r1i1p1_CNRM-ALADIN63_RAW-NN_day_20060101-20991231.nc,CORDEX5-Adjust,bias-adjusted-input,EUR-11,MOHC-HadGEM2-ES,rcp85,r1i1p1,CNRM-ALADIN63,BC2602,day,tas,v20260512,2006-01-01 00:00:00,2099-12-31 00:00:00,True,ERA5 regrid,ERA5-1976-2005
69,/scratchu/tmandonnet/CORDEX5-Adjust/bias-adjusted-input/EUR-11/CNRM/MOHC-HadGEM2-ES/rcp85/r1i1p1/CNRM-ALADIN63/RAW-NN/day/tasmax/v20260512/tasmax_EUR-11_MOHC-HadGEM2-ES_rcp85_r1i1p1_CNRM-ALADIN63_RAW-NN_day_20060101-20991231.nc,CORDEX5-Adjust,bias-adjusted-input,EUR-11,MOHC-HadGEM2-ES,rcp85,r1i1p1,CNRM-ALADIN63,BC2602,day,tasmax,v20260512,2006-01-01 00:00:00,2099-12-31 00:00:00,True,ERA5 regrid,ERA5-1976-2005
70,/scratchu/tmandonnet/CORDEX5-Adjust/bias-adjusted-input/EUR-11/CNRM/MOHC-HadGEM2-ES/rcp85/r1i1p1/CNRM-ALADIN63/RAW-NN/day/tasmin/v20260512/tasmin_EUR-11_MOHC-HadGEM2-ES_rcp85_r1i1p1_CNRM-ALADIN63_RAW-NN_day_20060101-20991231.nc,CORDEX5-Adjust,bias-adjusted-input,EUR-11,MOHC-HadGEM2-ES,rcp85,r1i1p1,CNRM-ALADIN63,BC2602,day,tasmin,v20260512,2006-01-01 00:00:00,2099-12-31 00:00:00,True,ERA5 regrid,ERA5-1976-2005
71,/scratchu/tmandonnet/CORDEX5-Adjust/bias-adjusted-input/EUR-11/DMI/NCC-NorESM1-M/historical/r1i1p1/DMI-HIRHAM5/RAW-NN/day/hurs/v20260512/hurs_EUR-11_NCC-NorESM1-M_historical_r1i1p1_DMI-HIRHAM5_RAW-NN_day_19510101-20051231.nc,CORDEX5-Adjust,bias-adjusted-input,EUR-11,NCC-NorESM1-M,historical,r1i1p1,DMI-HIRHAM5,BC2602,day,hurs,v20260512,1951-01-01 00:00:00,2005-12-31 00:00:00,True,ERA5 regrid,ERA5-1976-2005
72,/scratchu/tmandonnet/CORDEX5-Adjust/bias-adjusted-input/EUR-11/DMI/NCC-NorESM1-M/historical/r1i1p1/DMI-HIRHAM5/RAW-NN/day/pr/v20260512/pr_EUR-11_NCC-NorESM1-M_historical_r1i1p1_DMI-HIRHAM5_RAW-NN_day_19510101-20051231.nc,CORDEX5-Adjust,bias-adjusted-input,EUR-11,NCC-NorESM1-M,historical,r1i1p1,DMI-HIRHAM5,BC2602,day,pr,v20260512,1951-01-01 00:00:00,2005-12-31 00:00:00,True,ERA5 regrid,ERA5-1976-2005
73,/scratchu/tmandonnet/CORDEX5-Adjust/bias-adjusted-input/EUR-11/DMI/NCC-NorESM1-M/historical/r1i1p1/DMI-HIRHAM5/RAW-NN/day/sfcWind/v20260512/sfcWind_EUR-11_NCC-NorESM1-M_historical_r1i1p1_DMI-HIRHAM5_RAW-NN_day_19510101-20051231.nc,CORDEX5-Adjust,bias-adjusted-input,EUR-11,NCC-NorESM1-M,historical,r1i1p1,DMI-HIRHAM5,BC2602,day,sfcWind,v20260512,1951-01-01 00:00:00,2005-12-31 00:00:00,True,ERA5 regrid,ERA5-1976-2005
74,/scratchu/tmandonnet/CORDEX5-Adjust/bias-adjusted-input/EUR-11/DMI/NCC-NorESM1-M/historical/r1i1p1/DMI-HIRHAM5/RAW-NN/day/tas/v20260512/tas_EUR-11_NCC-NorESM1-M_historical_r1i1p1_DMI-HIRHAM5_RAW-NN_day_19510101-20051231.nc,CORDEX5-Adjust,bias-adjusted-input,EUR-11,NCC-NorESM1-M,historical,r1i1p1,DMI-HIRHAM5,BC2602,day,tas,v20260512,1951-01-01 00:00:00,2005-12-31 00:00:00,True,ERA5 regrid,ERA5-1976-2005
75,/scratchu/tmandonnet/CORDEX5-Adjust/bias-adjusted-input/EUR-11/DMI/NCC-NorESM1-M/historical/r1i1p1/DMI-HIRHAM5/RAW-NN/day/tasmax/v20260512/tasmax_EUR-11_NCC-NorESM1-M_historical_r1i1p1_DMI-HIRHAM5_RAW-NN_day_19510101-20051231.nc,CORDEX5-Adjust,bias-adjusted-input,EUR-11,NCC-NorESM1-M,historical,r1i1p1,DMI-HIRHAM5,BC2602,day,tasmax,v20260512,1951-01-01 00:00:00,2005-12-31 00:00:00,True,ERA5 regrid,ERA5-1976-2005
76,/scratchu/tmandonnet/CORDEX5-Adjust/bias-adjusted-input/EUR-11/DMI/NCC-NorESM1-M/historical/r1i1p1/DMI-HIRHAM5/RAW-NN/day/tasmin/v20260512/tasmin_EUR-11_NCC-NorESM1-M_historical_r1i1p1_DMI-HIRHAM5_RAW-NN_day_19510101-20051231.nc,CORDEX5-Adjust,bias-adjusted-input,EUR-11,NCC-NorESM1-M,historical,r1i1p1,DMI-HIRHAM5,BC2602,day,tasmin,v20260512,1951-01-01 00:00:00,2005-12-31 00:00:00,True,ERA5 regrid,ERA5-1976-2005
77,/scratchu/tmandonnet/CORDEX5-Adjust/bias-adjusted-input/EUR-11/DMI/NCC-NorESM1-M/rcp45/r1i1p1/DMI-HIRHAM5/RAW-NN/day/hurs/v20260512/hurs_EUR-11_NCC-NorESM1-M_rcp45_r1i1p1_DMI-HIRHAM5_RAW-NN_day_20060101-21001231.nc,CORDEX5-Adjust,bias-adjusted-input,EUR-11,NCC-NorESM1-M,rcp45,r1i1p1,DMI-HIRHAM5,BC2602,day,hurs,v20260512,2006-01-01 00:00:00,2100-12-31 00:00:00,True,ERA5 regrid,ERA5-1976-2005
78,/scratchu/tmandonnet/CORDEX5-Adjust/bias-adjusted-input/EUR-11/DMI/NCC-NorESM1-M/rcp45/r1i1p1/DMI-HIRHAM5/RAW-NN/day/pr/v20260512/pr_EUR-11_NCC-NorESM1-M_rcp45_r1i1p1_DMI-HIRHAM5_RAW-NN_day_20060101-21001231.nc,CORDEX5-Adjust,bias-adjusted-input,EUR-11,NCC-NorESM1-M,rcp45,r1i1p1,DMI-HIRHAM5,BC2602,day,pr,v20260512,2006-01-01 00:00:00,2100-12-31 00:00:00,True,ERA5 regrid,ERA5-1976-2005
79,/scratchu/tmandonnet/CORDEX5-Adjust/bias-adjusted-input/EUR-11/DMI/NCC-NorESM1-M/rcp45/r1i1p1/DMI-HIRHAM5/RAW-NN/day/sfcWind/v20260512/sfcWind_EUR-11_NCC-NorESM1-M_rcp45_r1i1p1_DMI-HIRHAM5_RAW-NN_day_20060101-21001231.nc,CORDEX5-Adjust,bias-adjusted-input,EUR-11,NCC-NorESM1-M,rcp45,r1i1p1,DMI-HIRHAM5,BC2602,day,sfcWind,v20260512,2006-01-01 00:00:00,2100-12-31 00:00:00,True,ERA5 regrid,ERA5-1976-2005
80,/scratchu/tmandonnet/CORDEX5-Adjust/bias-adjusted-input/EUR-11/DMI/NCC-NorESM1-M/rcp45/r1i1p1/DMI-HIRHAM5/RAW-NN/day/tas/v20260512/tas_EUR-11_NCC-NorESM1-M_rcp45_r1i1p1_DMI-HIRHAM5_RAW-NN_day_20060101-21001231.nc,CORDEX5-Adjust,bias-adjusted-input,EUR-11,NCC-NorESM1-M,rcp45,r1i1p1,DMI-HIRHAM5,BC2602,day,tas,v20260512,2006-01-01 00:00:00,2100-12-31 00:00:00,True,ERA5 regrid,ERA5-1976-2005
81,/scratchu/tmandonnet/CORDEX5-Adjust/bias-adjusted-input/EUR-11/DMI/NCC-NorESM1-M/rcp45/r1i1p1/DMI-HIRHAM5/RAW-NN/day/tasmax/v20260512/tasmax_EUR-11_NCC-NorESM1-M_rcp45_r1i1p1_DMI-HIRHAM5_RAW-NN_day_20060101-21001231.nc,CORDEX5-Adjust,bias-adjusted-input,EUR-11,NCC-NorESM1-M,rcp45,r1i1p1,DMI-HIRHAM5,BC2602,day,tasmax,v20260512,2006-01-01 00:00:00,2100-12-31 00:00:00,True,ERA5 regrid,ERA5-1976-2005
82,/scratchu/tmandonnet/CORDEX5-Adjust/bias-adjusted-input/EUR-11/DMI/NCC-NorESM1-M/rcp45/r1i1p1/DMI-HIRHAM5/RAW-NN/day/tasmin/v20260512/tasmin_EUR-11_NCC-NorESM1-M_rcp45_r1i1p1_DMI-HIRHAM5_RAW-NN_day_20060101-21001231.nc,CORDEX5-Adjust,bias-adjusted-input,EUR-11,NCC-NorESM1-M,rcp45,r1i1p1,DMI-HIRHAM5,BC2602,day,tasmin,v20260512,2006-01-01 00:00:00,2100-12-31 00:00:00,True,ERA5 regrid,ERA5-1976-2005
83,/scratchu/tmandonnet/CORDEX5-Adjust/bias-adjusted-input/EUR-11/DMI/NCC-NorESM1-M/rcp85/r1i1p1/DMI-HIRHAM5/RAW-NN/day/hurs/v20260512/hurs_EUR-11_NCC-NorESM1-M_rcp85_r1i1p1_DMI-HIRHAM5_RAW-NN_day_20060101-21001231.nc,CORDEX5-Adjust,bias-adjusted-input,EUR-11,NCC-NorESM1-M,rcp85,r1i1p1,DMI-HIRHAM5,BC2602,day,hurs,v20260512,2006-01-01 00:00:00,2100-12-31 00:00:00,True,ERA5 regrid,ERA5-1976-2005
84,/scratchu/tmandonnet/CORDEX5-Adjust/bias-adjusted-input/EUR-11/DMI/NCC-NorESM1-M/rcp85/r1i1p1/DMI-HIRHAM5/RAW-NN/day/pr/v20260512/pr_EUR-11_NCC-NorESM1-M_rcp85_r1i1p1_DMI-HIRHAM5_RAW-NN_day_20060101-21001231.nc,CORDEX5-Adjust,bias-adjusted-input,EUR-11,NCC-NorESM1-M,rcp85,r1i1p1,DMI-HIRHAM5,BC2602,day,pr,v20260512,2006-01-01 00:00:00,2100-12-31 00:00:00,True,ERA5 regrid,ERA5-1976-2005
85,/scratchu/tmandonnet/CORDEX5-Adjust/bias-adjusted-input/EUR-11/DMI/NCC-NorESM1-M/rcp85/r1i1p1/DMI-HIRHAM5/RAW-NN/day/sfcWind/v20260512/sfcWind_EUR-11_NCC-NorESM1-M_rcp85_r1i1p1_DMI-HIRHAM5_RAW-NN_day_20060101-21001231.nc,CORDEX5-Adjust,bias-adjusted-input,EUR-11,NCC-NorESM1-M,rcp85,r1i1p1,DMI-HIRHAM5,BC2602,day,sfcWind,v20260512,2006-01-01 00:00:00,2100-12-31 00:00:00,True,ERA5 regrid,ERA5-1976-2005
86,/scratchu/tmandonnet/CORDEX5-Adjust/bias-adjusted-input/EUR-11/DMI/NCC-NorESM1-M/rcp85/r1i1p1/DMI-HIRHAM5/RAW-NN/day/tas/v20260512/tas_EUR-11_NCC-NorESM1-M_rcp85_r1i1p1_DMI-HIRHAM5_RAW-NN_day_20060101-21001231.nc,CORDEX5-Adjust,bias-adjusted-input,EUR-11,NCC-NorESM1-M,rcp85,r1i1p1,DMI-HIRHAM5,BC2602,day,tas,v20260512,2006-01-01 00:00:00,2100-12-31 00:00:00,True,ERA5 regrid,ERA5-1976-2005
87,/scratchu/tmandonnet/CORDEX5-Adjust/bias-adjusted-input/EUR-11/DMI/NCC-NorESM1-M/rcp85/r1i1p1/DMI-HIRHAM5/RAW-NN/day/tasmax/v20260512/tasmax_EUR-11_NCC-NorESM1-M_rcp85_r1i1p1_DMI-HIRHAM5_RAW-NN_day_20060101-21001231.nc,CORDEX5-Adjust,bias-adjusted-input,EUR-11,NCC-NorESM1-M,rcp85,r1i1p1,DMI-HIRHAM5,BC2602,day,tasmax,v20260512,2006-01-01 00:00:00,2100-12-31 00:00:00,True,ERA5 regrid,ERA5-1976-2005
88,/scratchu/tmandonnet/CORDEX5-Adjust/bias-adjusted-input/EUR-11/DMI/NCC-NorESM1-M/rcp85/r1i1p1/DMI-HIRHAM5/RAW-NN/day/tasmin/v20260512/tasmin_EUR-11_NCC-NorESM1-M_rcp85_r1i1p1_DMI-HIRHAM5_RAW-NN_day_20060101-21001231.nc,CORDEX5-Adjust,bias-adjusted-input,EUR-11,NCC-NorESM1-M,rcp85,r1i1p1,DMI-HIRHAM5,BC2602,day,tasmin,v20260512,2006-01-01 00:00:00,2100-12-31 00:00:00,True,ERA5 regrid,ERA5-1976-2005
89,/scratchu/tmandonnet/CORDEX5-Adjust/bias-adjusted-input/EUR-11/GERICS/NCC-NorESM1-M/historical/r1i1p1/GERICS-REMO2015/RAW-NN/day/hurs/v20260512/hurs_EUR-11_NCC-NorESM1-M_historical_r1i1p1_GERICS-REMO2015_RAW-NN_day_19500102-20051231.nc,CORDEX5-Adjust,bias-adjusted-input,EUR-11,NCC-NorESM1-M,historical,r1i1p1,GERICS-REMO2015,BC2602,day,hurs,v20260512,1950-01-02 00:00:00,2005-12-31 00:00:00,True,ERA5 regrid,ERA5-1976-2005
90,/scratchu/tmandonnet/CORDEX5-Adjust/bias-adjusted-input/EUR-11/GERICS/NCC-NorESM1-M/historical/r1i1p1/GERICS-REMO2015/RAW-NN/day/huss/v20260512/huss_EUR-11_NCC-NorESM1-M_historical_r1i1p1_GERICS-REMO2015_RAW-NN_day_19500102-20051231.nc,CORDEX5-Adjust,bias-adjusted-input,EUR-11,NCC-NorESM1-M,historical,r1i1p1,GERICS-REMO2015,BC2602,day,huss,v20260512,1950-01-02 00:00:00,2005-12-31 00:00:00,True,ERA5 regrid,ERA5-1976-2005
91,/scratchu/tmandonnet/CORDEX5-Adjust/bias-adjusted-input/EUR-11/GERICS/NCC-NorESM1-M/historical/r1i1p1/GERICS-REMO2015/RAW-NN/day/pr/v20260512/pr_EUR-11_NCC-NorESM1-M_historical_r1i1p1_GERICS-REMO2015_RAW-NN_day_19500102-20051231.nc,CORDEX5-Adjust,bias-adjusted-input,EUR-11,NCC-NorESM1-M,historical,r1i1p1,GERICS-REMO2015,BC2602,day,pr,v20260512,1950-01-02 00:00:00,2005-12-31 00:00:00,True,ERA5 regrid,ERA5-1976-2005
92,/scratchu/tmandonnet/CORDEX5-Adjust/bias-adjusted-input/EUR-11/GERICS/NCC-NorESM1-M/historical/r1i1p1/GERICS-REMO2015/RAW-NN/day/sfcWind/v20260512/sfcWind_EUR-11_NCC-NorESM1-M_historical_r1i1p1_GERICS-REMO2015_RAW-NN_day_19500102-20051231.nc,CORDEX5-Adjust,bias-adjusted-input,EUR-11,NCC-NorESM1-M,historical,r1i1p1,GERICS-REMO2015,BC2602,day,sfcWind,v20260512,1950-01-02 00:00:00,2005-12-31 00:00:00,True,ERA5 regrid,ERA5-1976-2005
93,/scratchu/tmandonnet/CORDEX5-Adjust/bias-adjusted-input/EUR-11/GERICS/NCC-NorESM1-M/historical/r1i1p1/GERICS-REMO2015/RAW-NN/day/tas/v20260512/tas_EUR-11_NCC-NorESM1-M_historical_r1i1p1_GERICS-REMO2015_RAW-NN_day_19500102-20051231.nc,CORDEX5-Adjust,bias-adjusted-input,EUR-11,NCC-NorESM1-M,historical,r1i1p1,GERICS-REMO2015,BC2602,day,tas,v20260512,1950-01-02 00:00:00,2005-12-31 00:00:00,True,ERA5 regrid,ERA5-1976-2005
94,/scratchu/tmandonnet/CORDEX5-Adjust/bias-adjusted-input/EUR-11/GERICS/NCC-NorESM1-M/historical/r1i1p1/GERICS-REMO2015/RAW-NN/day/tasmax/v20260512/tasmax_EUR-11_NCC-NorESM1-M_historical_r1i1p1_GERICS-REMO2015_RAW-NN_day_19500102-20051231.nc,CORDEX5-Adjust,bias-adjusted-input,EUR-11,NCC-NorESM1-M,historical,r1i1p1,GERICS-REMO2015,BC2602,day,tasmax,v20260512,1950-01-02 00:00:00,2005-12-31 00:00:00,True,ERA5 regrid,ERA5-1976-2005
95,/scratchu/tmandonnet/CORDEX5-Adjust/bias-adjusted-input/EUR-11/GERICS/NCC-NorESM1-M/historical/r1i1p1/GERICS-REMO2015/RAW-NN/day/tasmin/v20260512/tasmin_EUR-11_NCC-NorESM1-M_historical_r1i1p1_GERICS-REMO2015_RAW-NN_day_19500102-20051231.nc,CORDEX5-Adjust,bias-adjusted-input,EUR-11,NCC-NorESM1-M,historical,r1i1p1,GERICS-REMO2015,BC2602,day,tasmin,v20260512,1950-01-02 00:00:00,2005-12-31 00:00:00,True,ERA5 regrid,ERA5-1976-2005
96,/scratchu/tmandonnet/CORDEX5-Adjust/bias-adjusted-input/EUR-11/GERICS/NCC-NorESM1-M/rcp45/r1i1p1/GERICS-REMO2015/RAW-NN/day/hurs/v20260512/hurs_EUR-11_NCC-NorESM1-M_rcp45_r1i1p1_GERICS-REMO2015_RAW-NN_day_20060101-21001231.nc,CORDEX5-Adjust,bias-adjusted-input,EUR-11,NCC-NorESM1-M,rcp45,r1i1p1,GERICS-REMO2015,BC2602,day,hurs,v20260512,2006-01-01 00:00:00,2100-12-31 00:00:00,True,ERA5 regrid,ERA5-1976-2005
97,/scratchu/tmandonnet/CORDEX5-Adjust/bias-adjusted-input/EUR-11/GERICS/NCC-NorESM1-M/rcp45/r1i1p1/GERICS-REMO2015/RAW-NN/day/huss/v20260512/huss_EUR-11_NCC-NorESM1-M_rcp45_r1i1p1_GERICS-REMO2015_RAW-NN_day_20060101-21001231.nc,CORDEX5-Adjust,bias-adjusted-input,EUR-11,NCC-NorESM1-M,rcp45,r1i1p1,GERICS-REMO2015,BC2602,day,huss,v20260512,2006-01-01 00:00:00,2100-12-31 00:00:00,True,ERA5 regrid,ERA5-1976-2005
98,/scratchu/tmandonnet/CORDEX5-Adjust/bias-adjusted-input/EUR-11/GERICS/NCC-NorESM1-M/rcp45/r1i1p1/GERICS-REMO2015/RAW-NN/day/pr/v20260512/pr_EUR-11_NCC-NorESM1-M_rcp45_r1i1p1_GERICS-REMO2015_RAW-NN_day_20060101-21001231.nc,CORDEX5-Adjust,bias-adjusted-input,EUR-11,NCC-NorESM1-M,rcp45,r1i1p1,GERICS-REMO2015,BC2602,day,pr,v20260512,2006-01-01 00:00:00,2100-12-31 00:00:00,True,ERA5 regrid,ERA5-1976-2005
99,/scratchu/tmandonnet/CORDEX5-Adjust/bias-adjusted-input/EUR-11/GERICS/NCC-NorESM1-M/rcp45/r1i1p1/GERICS-REMO2015/RAW-NN/day/sfcWind/v20260512/sfcWind_EUR-11_NCC-NorESM1-M_rcp45_r1i1p1_GERICS-REMO2015_RAW-NN_day_20060101-21001231.nc,CORDEX5-Adjust,bias-adjusted-input,EUR-11,NCC-NorESM1-M,rcp45,r1i1p1,GERICS-REMO2015,BC2602,day,sfcWind,v20260512,2006-01-01 00:00:00,2100-12-31 00:00:00,True,ERA5 regrid,ERA5-1976-2005
100,/scratchu/tmandonnet/CORDEX5-Adjust/bias-adjusted-input/EUR-11/GERICS/NCC-NorESM1-M/rcp45/r1i1p1/GERICS-REMO2015/RAW-NN/day/tas/v20260512/tas_EUR-11_NCC-NorESM1-M_rcp45_r1i1p1_GERICS-REMO2015_RAW-NN_day_20060101-21001231.nc,CORDEX5-Adjust,bias-adjusted-input,EUR-11,NCC-NorESM1-M,rcp45,r1i1p1,GERICS-REMO2015,BC2602,day,tas,v20260512,2006-01-01 00:00:00,2100-12-31 00:00:00,True,ERA5 regrid,ERA5-1976-2005
101,/scratchu/tmandonnet/CORDEX5-Adjust/bias-adjusted-input/EUR-11/GERICS/NCC-NorESM1-M/rcp45/r1i1p1/GERICS-REMO2015/RAW-NN/day/tasmax/v20260512/tasmax_EUR-11_NCC-NorESM1-M_rcp45_r1i1p1_GERICS-REMO2015_RAW-NN_day_20060101-21001231.nc,CORDEX5-Adjust,bias-adjusted-input,EUR-11,NCC-NorESM1-M,rcp45,r1i1p1,GERICS-REMO2015,BC2602,day,tasmax,v20260512,2006-01-01 00:00:00,2100-12-31 00:00:00,True,ERA5 regrid,ERA5-1976-2005
102,/scratchu/tmandonnet/CORDEX5-Adjust/bias-adjusted-input/EUR-11/GERICS/NCC-NorESM1-M/rcp45/r1i1p1/GERICS-REMO2015/RAW-NN/day/tasmin/v20260512/tasmin_EUR-11_NCC-NorESM1-M_rcp45_r1i1p1_GERICS-REMO2015_RAW-NN_day_20060101-21001231.nc,CORDEX5-Adjust,bias-adjusted-input,EUR-11,NCC-NorESM1-M,rcp45,r1i1p1,GERICS-REMO2015,BC2602,day,tasmin,v20260512,2006-01-01 00:00:00,2100-12-31 00:00:00,True,ERA5 regrid,ERA5-1976-2005
103,/scratchu/tmandonnet/CORDEX5-Adjust/bias-adjusted-input/EUR-11/GERICS/NCC-NorESM1-M/rcp85/r1i1p1/GERICS-REMO2015/RAW-NN/day/hurs/v20260512/hurs_EUR-11_NCC-NorESM1-M_rcp85_r1i1p1_GERICS-REMO2015_RAW-NN_day_20060101-21001231.nc,CORDEX5-Adjust,bias-adjusted-input,EUR-11,NCC-NorESM1-M,rcp85,r1i1p1,GERICS-REMO2015,BC2602,day,hurs,v20260512,2006-01-01 00:00:00,2100-12-31 00:00:00,True,ERA5 regrid,ERA5-1976-2005
104,/scratchu/tmandonnet/CORDEX5-Adjust/bias-adjusted-input/EUR-11/GERICS/NCC-NorESM1-M/rcp85/r1i1p1/GERICS-REMO2015/RAW-NN/day/huss/v20260512/huss_EUR-11_NCC-NorESM1-M_rcp85_r1i1p1_GERICS-REMO2015_RAW-NN_day_20060101-21001231.nc,CORDEX5-Adjust,bias-adjusted-input,EUR-11,NCC-NorESM1-M,rcp85,r1i1p1,GERICS-REMO2015,BC2602,day,huss,v20260512,2006-01-01 00:00:00,2100-12-31 00:00:00,True,ERA5 regrid,ERA5-1976-2005
105,/scratchu/tmandonnet/CORDEX5-Adjust/bias-adjusted-input/EUR-11/GERICS/NCC-NorESM1-M/rcp85/r1i1p1/GERICS-REMO2015/RAW-NN/day/pr/v20260512/pr_EUR-11_NCC-NorESM1-M_rcp85_r1i1p1_GERICS-REMO2015_RAW-NN_day_20060101-21001231.nc,CORDEX5-Adjust,bias-adjusted-input,EUR-11,NCC-NorESM1-M,rcp85,r1i1p1,GERICS-REMO2015,BC2602,day,pr,v20260512,2006-01-01 00:00:00,2100-12-31 00:00:00,True,ERA5 regrid,ERA5-1976-2005
106,/scratchu/tmandonnet/CORDEX5-Adjust/bias-adjusted-input/EUR-11/GERICS/NCC-NorESM1-M/rcp85/r1i1p1/GERICS-REMO2015/RAW-NN/day/sfcWind/v20260512/sfcWind_EUR-11_NCC-NorESM1-M_rcp85_r1i1p1_GERICS-REMO2015_RAW-NN_day_20060101-21001231.nc,CORDEX5-Adjust,bias-adjusted-input,EUR-11,NCC-NorESM1-M,rcp85,r1i1p1,GERICS-REMO2015,BC2602,day,sfcWind,v20260512,2006-01-01 00:00:00,2100-12-31 00:00:00,True,ERA5 regrid,ERA5-1976-2005
107,/scratchu/tmandonnet/CORDEX5-Adjust/bias-adjusted-input/EUR-11/GERICS/NCC-NorESM1-M/rcp85/r1i1p1/GERICS-REMO2015/RAW-NN/day/tas/v20260512/tas_EUR-11_NCC-NorESM1-M_rcp85_r1i1p1_GERICS-REMO2015_RAW-NN_day_20060101-21001231.nc,CORDEX5-Adjust,bias-adjusted-input,EUR-11,NCC-NorESM1-M,rcp85,r1i1p1,GERICS-REMO2015,BC2602,day,tas,v20260512,2006-01-01 00:00:00,2100-12-31 00:00:00,True,ERA5 regrid,ERA5-1976-2005
108,/scratchu/tmandonnet/CORDEX5-Adjust/bias-adjusted-input/EUR-11/GERICS/NCC-NorESM1-M/rcp85/r1i1p1/GERICS-REMO2015/RAW-NN/day/tasmax/v20260512/tasmax_EUR-11_NCC-NorESM1-M_rcp85_r1i1p1_GERICS-REMO2015_RAW-NN_day_20060101-21001231.nc,CORDEX5-Adjust,bias-adjusted-input,EUR-11,NCC-NorESM1-M,rcp85,r1i1p1,GERICS-REMO2015,BC2602,day,tasmax,v20260512,2006-01-01 00:00:00,2100-12-31 00:00:00,True,ERA5 regrid,ERA5-1976-2005
109,/scratchu/tmandonnet/CORDEX5-Adjust/bias-adjusted-input/EUR-11/GERICS/NCC-NorESM1-M/rcp85/r1i1p1/GERICS-REMO2015/RAW-NN/day/tasmin/v20260512/tasmin_EUR-11_NCC-NorESM1-M_rcp85_r1i1p1_GERICS-REMO2015_RAW-NN_day_20060101-21001231.nc,CORDEX5-Adjust,bias-adjusted-input,EUR-11,NCC-NorESM1-M,rcp85,r1i1p1,GERICS-REMO2015,BC2602,day,tasmin,v20260512,2006-01-01 00:00:00,2100-12-31 00:00:00,True,ERA5 regrid,ERA5-1976-2005
110,/scratchu/tmandonnet/CORDEX5-Adjust/bias-adjusted-input/EUR-11/ICTP/MPI-M-MPI-ESM-LR/historical/r1i1p1/ICTP-RegCM4-6/RAW-NN/day/hurs/v20260512/hurs_EUR-11_MPI-M-MPI-ESM-LR_historical_r1i1p1_ICTP-RegCM4-6_RAW-NN_day_19700101-20051231.nc,CORDEX5-Adjust,bias-adjusted-input,EUR-11,MPI-M-MPI-ESM-LR,historical,r1i1p1,ICTP-RegCM4-6,BC2602,day,hurs,v20260512,1970-01-01 00:00:00,2005-12-31 00:00:00,True,ERA5 regrid,ERA5-1976-2005
111,/scratchu/tmandonnet/CORDEX5-Adjust/bias-adjusted-input/EUR-11/ICTP/MPI-M-MPI-ESM-LR/historical/r1i1p1/ICTP-RegCM4-6/RAW-NN/day/pr/v20260512/pr_EUR-11_MPI-M-MPI-ESM-LR_historical_r1i1p1_ICTP-RegCM4-6_RAW-NN_day_19700101-20051231.nc,CORDEX5-Adjust,bias-adjusted-input,EUR-11,MPI-M-MPI-ESM-LR,historical,r1i1p1,ICTP-RegCM4-6,BC2602,day,pr,v20260512,1970-01-01 00:00:00,2005-12-31 00:00:00,True,ERA5 regrid,ERA5-1976-2005
112,/scratchu/tmandonnet/CORDEX5-Adjust/bias-adjusted-input/EUR-11/ICTP/MPI-M-MPI-ESM-LR/historical/r1i1p1/ICTP-RegCM4-6/RAW-NN/day/sfcWind/v20260512/sfcWind_EUR-11_MPI-M-MPI-ESM-LR_historical_r1i1p1_ICTP-RegCM4-6_RAW-NN_day_19700101-20051231.nc,CORDEX5-Adjust,bias-adjusted-input,EUR-11,MPI-M-MPI-ESM-LR,historical,r1i1p1,ICTP-RegCM4-6,BC2602,day,sfcWind,v20260512,1970-01-01 00:00:00,2005-12-31 00:00:00,True,ERA5 regrid,ERA5-1976-2005
113,/scratchu/tmandonnet/CORDEX5-Adjust/bias-adjusted-input/EUR-11/ICTP/MPI-M-MPI-ESM-LR/historical/r1i1p1/ICTP-RegCM4-6/RAW-NN/day/tas/v20260512/tas_EUR-11_MPI-M-MPI-ESM-LR_historical_r1i1p1_ICTP-RegCM4-6_RAW-NN_day_19700101-20051231.nc,CORDEX5-Adjust,bias-adjusted-input,EUR-11,MPI-M-MPI-ESM-LR,historical,r1i1p1,ICTP-RegCM4-6,BC2602,day,tas,v20260512,1970-01-01 00:00:00,2005-12-31 00:00:00,True,ERA5 regrid,ERA5-1976-2005
114,/scratchu/tmandonnet/CORDEX5-Adjust/bias-adjusted-input/EUR-11/ICTP/MPI-M-MPI-ESM-LR/historical/r1i1p1/ICTP-RegCM4-6/RAW-NN/day/tasmax/v20260512/tasmax_EUR-11_MPI-M-MPI-ESM-LR_historical_r1i1p1_ICTP-RegCM4-6_RAW-NN_day_19700101-20051231.nc,CORDEX5-Adjust,bias-adjusted-input,EUR-11,MPI-M-MPI-ESM-LR,historical,r1i1p1,ICTP-RegCM4-6,BC2602,day,tasmax,v20260512,1970-01-01 00:00:00,2005-12-31 00:00:00,True,ERA5 regrid,ERA5-1976-2005
115,/scratchu/tmandonnet/CORDEX5-Adjust/bias-adjusted-input/EUR-11/ICTP/MPI-M-MPI-ESM-LR/historical/r1i1p1/ICTP-RegCM4-6/RAW-NN/day/tasmin/v20260512/tasmin_EUR-11_MPI-M-MPI-ESM-LR_historical_r1i1p1_ICTP-RegCM4-6_RAW-NN_day_19700101-20051231.nc,CORDEX5-Adjust,bias-adjusted-input,EUR-11,MPI-M-MPI-ESM-LR,historical,r1i1p1,ICTP-RegCM4-6,BC2602,day,tasmin,v20260512,1970-01-01 00:00:00,2005-12-31 00:00:00,True,ERA5 regrid,ERA5-1976-2005
116,/scratchu/tmandonnet/CORDEX5-Adjust/bias-adjusted-input/EUR-11/ICTP/MPI-M-MPI-ESM-LR/rcp85/r1i1p1/ICTP-RegCM4-6/RAW-NN/day/hurs/v20260512/hurs_EUR-11_MPI-M-MPI-ESM-LR_rcp85_r1i1p1_ICTP-RegCM4-6_RAW-NN_day_20060101-21001130.nc,CORDEX5-Adjust,bias-adjusted-input,EUR-11,MPI-M-MPI-ESM-LR,rcp85,r1i1p1,ICTP-RegCM4-6,BC2602,day,hurs,v20260512,2006-01-01 00:00:00,2100-11-30 00:00:00,True,ERA5 regrid,ERA5-1976-2005
117,/scratchu/tmandonnet/CORDEX5-Adjust/bias-adjusted-input/EUR-11/ICTP/MPI-M-MPI-ESM-LR/rcp85/r1i1p1/ICTP-RegCM4-6/RAW-NN/day/pr/v20260512/pr_EUR-11_MPI-M-MPI-ESM-LR_rcp85_r1i1p1_ICTP-RegCM4-6_RAW-NN_day_20060101-21001130.nc,CORDEX5-Adjust,bias-adjusted-input,EUR-11,MPI-M-MPI-ESM-LR,rcp85,r1i1p1,ICTP-RegCM4-6,BC2602,day,pr,v20260512,2006-01-01 00:00:00,2100-11-30 00:00:00,True,ERA5 regrid,ERA5-1976-2005
118,/scratchu/tmandonnet/CORDEX5-Adjust/bias-adjusted-input/EUR-11/ICTP/MPI-M-MPI-ESM-LR/rcp85/r1i1p1/ICTP-RegCM4-6/RAW-NN/day/sfcWind/v20260512/sfcWind_EUR-11_MPI-M-MPI-ESM-LR_rcp85_r1i1p1_ICTP-RegCM4-6_RAW-NN_day_20060101-21001130.nc,CORDEX5-Adjust,bias-adjusted-input,EUR-11,MPI-M-MPI-ESM-LR,rcp85,r1i1p1,ICTP-RegCM4-6,BC2602,day,sfcWind,v20260512,2006-01-01 00:00:00,2100-11-30 00:00:00,True,ERA5 regrid,ERA5-1976-2005
119,/scratchu/tmandonnet/CORDEX5-Adjust/bias-adjusted-input/EUR-11/ICTP/MPI-M-MPI-ESM-LR/rcp85/r1i1p1/ICTP-RegCM4-6/RAW-NN/day/tas/v20260512/tas_EUR-11_MPI-M-MPI-ESM-LR_rcp85_r1i1p1_ICTP-RegCM4-6_RAW-NN_day_20060101-21001130.nc,CORDEX5-Adjust,bias-adjusted-input,EUR-11,MPI-M-MPI-ESM-LR,rcp85,r1i1p1,ICTP-RegCM4-6,BC2602,day,tas,v20260512,2006-01-01 00:00:00,2100-11-30 00:00:00,True,ERA5 regrid,ERA5-1976-2005
120,/scratchu/tmandonnet/CORDEX5-Adjust/bias-adjusted-input/EUR-11/ICTP/MPI-M-MPI-ESM-LR/rcp85/r1i1p1/ICTP-RegCM4-6/RAW-NN/day/tasmax/v20260512/tasmax_EUR-11_MPI-M-MPI-ESM-LR_rcp85_r1i1p1_ICTP-RegCM4-6_RAW-NN_day_20060101-21001130.nc,CORDEX5-Adjust,bias-adjusted-input,EUR-11,MPI-M-MPI-ESM-LR,rcp85,r1i1p1,ICTP-RegCM4-6,BC2602,day,tasmax,v20260512,2006-01-01 00:00:00,2100-11-30 00:00:00,True,ERA5 regrid,ERA5-1976-2005
121,/scratchu/tmandonnet/CORDEX5-Adjust/bias-adjusted-input/EUR-11/ICTP/MPI-M-MPI-ESM-LR/rcp85/r1i1p1/ICTP-RegCM4-6/RAW-NN/day/tasmin/v20260512/tasmin_EUR-11_MPI-M-MPI-ESM-LR_rcp85_r1i1p1_ICTP-RegCM4-6_RAW-NN_day_20060101-21001130.nc,CORDEX5-Adjust,bias-adjusted-input,EUR-11,MPI-M-MPI-ESM-LR,rcp85,r1i1p1,ICTP-RegCM4-6,BC2602,day,tasmin,v20260512,2006-01-01 00:00:00,2100-11-30 00:00:00,True,ERA5 regrid,ERA5-1976-2005
122,/scratchu/tmandonnet/CORDEX5-Adjust/bias-adjusted-input/EUR-11/KNMI/ICHEC-EC-EARTH/historical/r1i1p1/KNMI-RACMO22E/RAW-NN/day/hurs/v20260512/hurs_EUR-11_ICHEC-EC-EARTH_historical_r1i1p1_KNMI-RACMO22E_RAW-NN_day_19500101-20051231.nc,CORDEX5-Adjust,bias-adjusted-input,EUR-11,ICHEC-EC-EARTH,historical,r1i1p1,KNMI-RACMO22E,BC2602,day,hurs,v20260512,1950-01-01 00:00:00,2005-12-31 00:00:00,True,ERA5 regrid,ERA5-1976-2005
123,/scratchu/tmandonnet/CORDEX5-Adjust/bias-adjusted-input/EUR-11/KNMI/ICHEC-EC-EARTH/historical/r1i1p1/KNMI-RACMO22E/RAW-NN/day/pr/v20260512/pr_EUR-11_ICHEC-EC-EARTH_historical_r1i1p1_KNMI-RACMO22E_RAW-NN_day_19500101-20051231.nc,CORDEX5-Adjust,bias-adjusted-input,EUR-11,ICHEC-EC-EARTH,historical,r1i1p1,KNMI-RACMO22E,BC2602,day,pr,v20260512,1950-01-01 00:00:00,2005-12-31 00:00:00,True,ERA5 regrid,ERA5-1976-2005
124,/scratchu/tmandonnet/CORDEX5-Adjust/bias-adjusted-input/EUR-11/KNMI/ICHEC-EC-EARTH/historical/r1i1p1/KNMI-RACMO22E/RAW-NN/day/sfcWind/v20260512/sfcWind_EUR-11_ICHEC-EC-EARTH_historical_r1i1p1_KNMI-RACMO22E_RAW-NN_day_19500101-20051231.nc,CORDEX5-Adjust,bias-adjusted-input,EUR-11,ICHEC-EC-EARTH,historical,r1i1p1,KNMI-RACMO22E,BC2602,day,sfcWind,v20260512,1950-01-01 00:00:00,2005-12-31 00:00:00,True,ERA5 regrid,ERA5-1976-2005
125,/scratchu/tmandonnet/CORDEX5-Adjust/bias-adjusted-input/EUR-11/KNMI/ICHEC-EC-EARTH/historical/r1i1p1/KNMI-RACMO22E/RAW-NN/day/tas/v20260512/tas_EUR-11_ICHEC-EC-EARTH_historical_r1i1p1_KNMI-RACMO22E_RAW-NN_day_19500101-20051231.nc,CORDEX5-Adjust,bias-adjusted-input,EUR-11,ICHEC-EC-EARTH,historical,r1i1p1,KNMI-RACMO22E,BC2602,day,tas,v20260512,1950-01-01 00:00:00,2005-12-31 00:00:00,True,ERA5 regrid,ERA5-1976-2005
126,/scratchu/tmandonnet/CORDEX5-Adjust/bias-adjusted-input/EUR-11/KNMI/ICHEC-EC-EARTH/historical/r1i1p1/KNMI-RACMO22E/RAW-NN/day/tasmax/v20260512/tasmax_EUR-11_ICHEC-EC-EARTH_historical_r1i1p1_KNMI-RACMO22E_RAW-NN_day_19500101-20051231.nc,CORDEX5-Adjust,bias-adjusted-input,EUR-11,ICHEC-EC-EARTH,historical,r1i1p1,KNMI-RACMO22E,BC2602,day,tasmax,v20260512,1950-01-01 00:00:00,2005-12-31 00:00:00,True,ERA5 regrid,ERA5-1976-2005
127,/scratchu/tmandonnet/CORDEX5-Adjust/bias-adjusted-input/EUR-11/KNMI/ICHEC-EC-EARTH/historical/r1i1p1/KNMI-RACMO22E/RAW-NN/day/tasmin/v20260512/tasmin_EUR-11_ICHEC-EC-EARTH_historical_r1i1p1_KNMI-RACMO22E_RAW-NN_day_19500101-20051231.nc,CORDEX5-Adjust,bias-adjusted-input,EUR-11,ICHEC-EC-EARTH,historical,r1i1p1,KNMI-RACMO22E,BC2602,day,tasmin,v20260512,1950-01-01 00:00:00,2005-12-31 00:00:00,True,ERA5 regrid,ERA5-1976-2005
128,/scratchu/tmandonnet/CORDEX5-Adjust/bias-adjusted-input/EUR-11/KNMI/ICHEC-EC-EARTH/rcp45/r1i1p1/KNMI-RACMO22E/RAW-NN/day/hurs/v20260512/hurs_EUR-11_ICHEC-EC-EARTH_rcp45_r1i1p1_KNMI-RACMO22E_RAW-NN_day_20060101-21001231.nc,CORDEX5-Adjust,bias-adjusted-input,EUR-11,ICHEC-EC-EARTH,rcp45,r1i1p1,KNMI-RACMO22E,BC2602,day,hurs,v20260512,2006-01-01 00:00:00,2100-12-31 00:00:00,True,ERA5 regrid,ERA5-1976-2005
129,/scratchu/tmandonnet/CORDEX5-Adjust/bias-adjusted-input/EUR-11/KNMI/ICHEC-EC-EARTH/rcp45/r1i1p1/KNMI-RACMO22E/RAW-NN/day/pr/v20260512/pr_EUR-11_ICHEC-EC-EARTH_rcp45_r1i1p1_KNMI-RACMO22E_RAW-NN_day_20060101-21001231.nc,CORDEX5-Adjust,bias-adjusted-input,EUR-11,ICHEC-EC-EARTH,rcp45,r1i1p1,KNMI-RACMO22E,BC2602,day,pr,v20260512,2006-01-01 00:00:00,2100-12-31 00:00:00,True,ERA5 regrid,ERA5-1976-2005
130,/scratchu/tmandonnet/CORDEX5-Adjust/bias-adjusted-input/EUR-11/KNMI/ICHEC-EC-EARTH/rcp45/r1i1p1/KNMI-RACMO22E/RAW-NN/day/sfcWind/v20260512/sfcWind_EUR-11_ICHEC-EC-EARTH_rcp45_r1i1p1_KNMI-RACMO22E_RAW-NN_day_20060101-21001231.nc,CORDEX5-Adjust,bias-adjusted-input,EUR-11,ICHEC-EC-EARTH,rcp45,r1i1p1,KNMI-RACMO22E,BC2602,day,sfcWind,v20260512,2006-01-01 00:00:00,2100-12-31 00:00:00,True,ERA5 regrid,ERA5-1976-2005
131,/scratchu/tmandonnet/CORDEX5-Adjust/bias-adjusted-input/EUR-11/KNMI/ICHEC-EC-EARTH/rcp45/r1i1p1/KNMI-RACMO22E/RAW-NN/day/tas/v20260512/tas_EUR-11_ICHEC-EC-EARTH_rcp45_r1i1p1_KNMI-RACMO22E_RAW-NN_day_20060101-21001231.nc,CORDEX5-Adjust,bias-adjusted-input,EUR-11,ICHEC-EC-EARTH,rcp45,r1i1p1,KNMI-RACMO22E,BC2602,day,tas,v20260512,2006-01-01 00:00:00,2100-12-31 00:00:00,True,ERA5 regrid,ERA5-1976-2005
132,/scratchu/tmandonnet/CORDEX5-Adjust/bias-adjusted-input/EUR-11/KNMI/ICHEC-EC-EARTH/rcp45/r1i1p1/KNMI-RACMO22E/RAW-NN/day/tasmax/v20260512/tasmax_EUR-11_ICHEC-EC-EARTH_rcp45_r1i1p1_KNMI-RACMO22E_RAW-NN_day_20060101-21001231.nc,CORDEX5-Adjust,bias-adjusted-input,EUR-11,ICHEC-EC-EARTH,rcp45,r1i1p1,KNMI-RACMO22E,BC2602,day,tasmax,v20260512,2006-01-01 00:00:00,2100-12-31 00:00:00,True,ERA5 regrid,ERA5-1976-2005
133,/scratchu/tmandonnet/CORDEX5-Adjust/bias-adjusted-input/EUR-11/KNMI/ICHEC-EC-EARTH/rcp45/r1i1p1/KNMI-RACMO22E/RAW-NN/day/tasmin/v20260512/tasmin_EUR-11_ICHEC-EC-EARTH_rcp45_r1i1p1_KNMI-RACMO22E_RAW-NN_day_20060101-21001231.nc,CORDEX5-Adjust,bias-adjusted-input,EUR-11,ICHEC-EC-EARTH,rcp45,r1i1p1,KNMI-RACMO22E,BC2602,day,tasmin,v20260512,2006-01-01 00:00:00,2100-12-31 00:00:00,True,ERA5 regrid,ERA5-1976-2005
134,/scratchu/tmandonnet/CORDEX5-Adjust/bias-adjusted-input/EUR-11/KNMI/ICHEC-EC-EARTH/rcp85/r1i1p1/KNMI-RACMO22E/RAW-NN/day/hurs/v20260512/hurs_EUR-11_ICHEC-EC-EARTH_rcp85_r1i1p1_KNMI-RACMO22E_RAW-NN_day_20060101-21001231.nc,CORDEX5-Adjust,bias-adjusted-input,EUR-11,ICHEC-EC-EARTH,rcp85,r1i1p1,KNMI-RACMO22E,BC2602,day,hurs,v20260512,2006-01-01 00:00:00,2100-12-31 00:00:00,True,ERA5 regrid,ERA5-1976-2005
135,/scratchu/tmandonnet/CORDEX5-Adjust/bias-adjusted-input/EUR-11/KNMI/ICHEC-EC-EARTH/rcp85/r1i1p1/KNMI-RACMO22E/RAW-NN/day/pr/v20260512/pr_EUR-11_ICHEC-EC-EARTH_rcp85_r1i1p1_KNMI-RACMO22E_RAW-NN_day_20060101-21001231.nc,CORDEX5-Adjust,bias-adjusted-input,EUR-11,ICHEC-EC-EARTH,rcp85,r1i1p1,KNMI-RACMO22E,BC2602,day,pr,v20260512,2006-01-01 00:00:00,2100-12-31 00:00:00,True,ERA5 regrid,ERA5-1976-2005
136,/scratchu/tmandonnet/CORDEX5-Adjust/bias-adjusted-input/EUR-11/KNMI/ICHEC-EC-EARTH/rcp85/r1i1p1/KNMI-RACMO22E/RAW-NN/day/sfcWind/v20260512/sfcWind_EUR-11_ICHEC-EC-EARTH_rcp85_r1i1p1_KNMI-RACMO22E_RAW-NN_day_20060101-21001231.nc,CORDEX5-Adjust,bias-adjusted-input,EUR-11,ICHEC-EC-EARTH,rcp85,r1i1p1,KNMI-RACMO22E,BC2602,day,sfcWind,v20260512,2006-01-01 00:00:00,2100-12-31 00:00:00,True,ERA5 regrid,ERA5-1976-2005
137,/scratchu/tmandonnet/CORDEX5-Adjust/bias-adjusted-input/EUR-11/KNMI/ICHEC-EC-EARTH/rcp85/r1i1p1/KNMI-RACMO22E/RAW-NN/day/tas/v20260512/tas_EUR-11_ICHEC-EC-EARTH_rcp85_r1i1p1_KNMI-RACMO22E_RAW-NN_day_20060101-21001231.nc,CORDEX5-Adjust,bias-adjusted-input,EUR-11,ICHEC-EC-EARTH,rcp85,r1i1p1,KNMI-RACMO22E,BC2602,day,tas,v20260512,2006-01-01 00:00:00,2100-12-31 00:00:00,True,ERA5 regrid,ERA5-1976-2005
138,/scratchu/tmandonnet/CORDEX5-Adjust/bias-adjusted-input/EUR-11/KNMI/ICHEC-EC-EARTH/rcp85/r1i1p1/KNMI-RACMO22E/RAW-NN/day/tasmax/v20260512/tasmax_EUR-11_ICHEC-EC-EARTH_rcp85_r1i1p1_KNMI-RACMO22E_RAW-NN_day_20060101-21001231.nc,CORDEX5-Adjust,bias-adjusted-input,EUR-11,ICHEC-EC-EARTH,rcp85,r1i1p1,KNMI-RACMO22E,BC2602,day,tasmax,v20260512,2006-01-01 00:00:00,2100-12-31 00:00:00,True,ERA5 regrid,ERA5-1976-2005
139,/scratchu/tmandonnet/CORDEX5-Adjust/bias-adjusted-input/EUR-11/KNMI/ICHEC-EC-EARTH/rcp85/r1i1p1/KNMI-RACMO22E/RAW-NN/day/tasmin/v20260512/tasmin_EUR-11_ICHEC-EC-EARTH_rcp85_r1i1p1_KNMI-RACMO22E_RAW-NN_day_20060101-21001231.nc,CORDEX5-Adjust,bias-adjusted-input,EUR-11,ICHEC-EC-EARTH,rcp85,r1i1p1,KNMI-RACMO22E,BC2602,day,tasmin,v20260512,2006-01-01 00:00:00,2100-12-31 00:00:00,True,ERA5 regrid,ERA5-1976-2005
140,/scratchu/tmandonnet/CORDEX5-Adjust/bias-adjusted-input/EUR-11/MOHC/ICHEC-EC-EARTH/historical/r12i1p1/MOHC-HadREM3-GA7-05/RAW-NN/day/hurs/v20260512/hurs_EUR-11_ICHEC-EC-EARTH_historical_r12i1p1_MOHC-HadREM3-GA7-05_RAW-NN_day_19511201-20051231.nc,CORDEX5-Adjust,bias-adjusted-input,EUR-11,ICHEC-EC-EARTH,historical,r12i1p1,MOHC-HadREM3-GA7-05,BC2602,day,hurs,v20260512,1951-12-01 00:00:00,2005-12-31 00:00:00,True,ERA5 regrid,ERA5-1976-2005
141,/scratchu/tmandonnet/CORDEX5-Adjust/bias-adjusted-input/EUR-11/MOHC/ICHEC-EC-EARTH/historical/r12i1p1/MOHC-HadREM3-GA7-05/RAW-NN/day/huss/v20260512/huss_EUR-11_ICHEC-EC-EARTH_historical_r12i1p1_MOHC-HadREM3-GA7-05_RAW-NN_day_19511201-20051231.nc,CORDEX5-Adjust,bias-adjusted-input,EUR-11,ICHEC-EC-EARTH,historical,r12i1p1,MOHC-HadREM3-GA7-05,BC2602,day,huss,v20260512,1951-12-01 00:00:00,2005-12-31 00:00:00,True,ERA5 regrid,ERA5-1976-2005
142,/scratchu/tmandonnet/CORDEX5-Adjust/bias-adjusted-input/EUR-11/MOHC/ICHEC-EC-EARTH/historical/r12i1p1/MOHC-HadREM3-GA7-05/RAW-NN/day/pr/v20260512/pr_EUR-11_ICHEC-EC-EARTH_historical_r12i1p1_MOHC-HadREM3-GA7-05_RAW-NN_day_19511201-20051231.nc,CORDEX5-Adjust,bias-adjusted-input,EUR-11,ICHEC-EC-EARTH,historical,r12i1p1,MOHC-HadREM3-GA7-05,BC2602,day,pr,v20260512,1951-12-01 00:00:00,2005-12-31 00:00:00,True,ERA5 regrid,ERA5-1976-2005
143,/scratchu/tmandonnet/CORDEX5-Adjust/bias-adjusted-input/EUR-11/MOHC/ICHEC-EC-EARTH/historical/r12i1p1/MOHC-HadREM3-GA7-05/RAW-NN/day/sfcWind/v20260512/sfcWind_EUR-11_ICHEC-EC-EARTH_historical_r12i1p1_MOHC-HadREM3-GA7-05_RAW-NN_day_19511201-20051231.nc,CORDEX5-Adjust,bias-adjusted-input,EUR-11,ICHEC-EC-EARTH,historical,r12i1p1,MOHC-HadREM3-GA7-05,BC2602,day,sfcWind,v20260512,1951-12-01 00:00:00,2005-12-31 00:00:00,True,ERA5 regrid,ERA5-1976-2005
144,/scratchu/tmandonnet/CORDEX5-Adjust/bias-adjusted-input/EUR-11/MOHC/ICHEC-EC-EARTH/historical/r12i1p1/MOHC-HadREM3-GA7-05/RAW-NN/day/tas/v20260512/tas_EUR-11_ICHEC-EC-EARTH_historical_r12i1p1_MOHC-HadREM3-GA7-05_RAW-NN_day_19511201-20051231.nc,CORDEX5-Adjust,bias-adjusted-input,EUR-11,ICHEC-EC-EARTH,historical,r12i1p1,MOHC-HadREM3-GA7-05,BC2602,day,tas,v20260512,1951-12-01 00:00:00,2005-12-31 00:00:00,True,ERA5 regrid,ERA5-1976-2005
145,/scratchu/tmandonnet/CORDEX5-Adjust/bias-adjusted-input/EUR-11/MOHC/ICHEC-EC-EARTH/historical/r12i1p1/MOHC-HadREM3-GA7-05/RAW-NN/day/tasmax/v20260512/tasmax_EUR-11_ICHEC-EC-EARTH_historical_r12i1p1_MOHC-HadREM3-GA7-05_RAW-NN_day_19511201-20051231.nc,CORDEX5-Adjust,bias-adjusted-input,EUR-11,ICHEC-EC-EARTH,historical,r12i1p1,MOHC-HadREM3-GA7-05,BC2602,day,tasmax,v20260512,1951-12-01 00:00:00,2005-12-31 00:00:00,True,ERA5 regrid,ERA5-1976-2005
146,/scratchu/tmandonnet/CORDEX5-Adjust/bias-adjusted-input/EUR-11/MOHC/ICHEC-EC-EARTH/historical/r12i1p1/MOHC-HadREM3-GA7-05/RAW-NN/day/tasmin/v20260512/tasmin_EUR-11_ICHEC-EC-EARTH_historical_r12i1p1_MOHC-HadREM3-GA7-05_RAW-NN_day_19511201-20051231.nc,CORDEX5-Adjust,bias-adjusted-input,EUR-11,ICHEC-EC-EARTH,historical,r12i1p1,MOHC-HadREM3-GA7-05,BC2602,day,tasmin,v20260512,1951-12-01 00:00:00,2005-12-31 00:00:00,True,ERA5 regrid,ERA5-1976-2005
147,/scratchu/tmandonnet/CORDEX5-Adjust/bias-adjusted-input/EUR-11/MOHC/ICHEC-EC-EARTH/rcp85/r12i1p1/MOHC-HadREM3-GA7-05/RAW-NN/day/hurs/v20260512/hurs_EUR-11_ICHEC-EC-EARTH_rcp85_r12i1p1_MOHC-HadREM3-GA7-05_RAW-NN_day_20060101-21001231.nc,CORDEX5-Adjust,bias-adjusted-input,EUR-11,ICHEC-EC-EARTH,rcp85,r12i1p1,MOHC-HadREM3-GA7-05,BC2602,day,hurs,v20260512,2006-01-01 00:00:00,2100-12-31 00:00:00,True,ERA5 regrid,ERA5-1976-2005
148,/scratchu/tmandonnet/CORDEX5-Adjust/bias-adjusted-input/EUR-11/MOHC/ICHEC-EC-EARTH/rcp85/r12i1p1/MOHC-HadREM3-GA7-05/RAW-NN/day/huss/v20260512/huss_EUR-11_ICHEC-EC-EARTH_rcp85_r12i1p1_MOHC-HadREM3-GA7-05_RAW-NN_day_20060101-21001231.nc,CORDEX5-Adjust,bias-adjusted-input,EUR-11,ICHEC-EC-EARTH,rcp85,r12i1p1,MOHC-HadREM3-GA7-05,BC2602,day,huss,v20260512,2006-01-01 00:00:00,2100-12-31 00:00:00,True,ERA5 regrid,ERA5-1976-2005
149,/scratchu/tmandonnet/CORDEX5-Adjust/bias-adjusted-input/EUR-11/MOHC/ICHEC-EC-EARTH/rcp85/r12i1p1/MOHC-HadREM3-GA7-05/RAW-NN/day/pr/v20260512/pr_EUR-11_ICHEC-EC-EARTH_rcp85_r12i1p1_MOHC-HadREM3-GA7-05_RAW-NN_day_20060101-21001231.nc,CORDEX5-Adjust,bias-adjusted-input,EUR-11,ICHEC-EC-EARTH,rcp85,r12i1p1,MOHC-HadREM3-GA7-05,BC2602,day,pr,v20260512,2006-01-01 00:00:00,2100-12-31 00:00:00,True,ERA5 regrid,ERA5-1976-2005
150,/scratchu/tmandonnet/CORDEX5-Adjust/bias-adjusted-input/EUR-11/MOHC/ICHEC-EC-EARTH/rcp85/r12i1p1/MOHC-HadREM3-GA7-05/RAW-NN/day/sfcWind/v20260512/sfcWind_EUR-11_ICHEC-EC-EARTH_rcp85_r12i1p1_MOHC-HadREM3-GA7-05_RAW-NN_day_20060101-21001231.nc,CORDEX5-Adjust,bias-adjusted-input,EUR-11,ICHEC-EC-EARTH,rcp85,r12i1p1,MOHC-HadREM3-GA7-05,BC2602,day,sfcWind,v20260512,2006-01-01 00:00:00,2100-12-31 00:00:00,True,ERA5 regrid,ERA5-1976-2005
151,/scratchu/tmandonnet/CORDEX5-Adjust/bias-adjusted-input/EUR-11/MOHC/ICHEC-EC-EARTH/rcp85/r12i1p1/MOHC-HadREM3-GA7-05/RAW-NN/day/tas/v20260512/tas_EUR-11_ICHEC-EC-EARTH_rcp85_r12i1p1_MOHC-HadREM3-GA7-05_RAW-NN_day_20060101-21001231.nc,CORDEX5-Adjust,bias-adjusted-input,EUR-11,ICHEC-EC-EARTH,rcp85,r12i1p1,MOHC-HadREM3-GA7-05,BC2602,day,tas,v20260512,2006-01-01 00:00:00,2100-12-31 00:00:00,True,ERA5 regrid,ERA5-1976-2005
152,/scratchu/tmandonnet/CORDEX5-Adjust/bias-adjusted-input/EUR-11/MOHC/ICHEC-EC-EARTH/rcp85/r12i1p1/MOHC-HadREM3-GA7-05/RAW-NN/day/tasmax/v20260512/tasmax_EUR-11_ICHEC-EC-EARTH_rcp85_r12i1p1_MOHC-HadREM3-GA7-05_RAW-NN_day_20060101-21001231.nc,CORDEX5-Adjust,bias-adjusted-input,EUR-11,ICHEC-EC-EARTH,rcp85,r12i1p1,MOHC-HadREM3-GA7-05,BC2602,day,tasmax,v20260512,2006-01-01 00:00:00,2100-12-31 00:00:00,True,ERA5 regrid,ERA5-1976-2005
153,/scratchu/tmandonnet/CORDEX5-Adjust/bias-adjusted-input/EUR-11/MOHC/ICHEC-EC-EARTH/rcp85/r12i1p1/MOHC-HadREM3-GA7-05/RAW-NN/day/tasmin/v20260512/tasmin_EUR-11_ICHEC-EC-EARTH_rcp85_r12i1p1_MOHC-HadREM3-GA7-05_RAW-NN_day_20060101-21001231.nc,CORDEX5-Adjust,bias-adjusted-input,EUR-11,ICHEC-EC-EARTH,rcp85,r12i1p1,MOHC-HadREM3-GA7-05,BC2602,day,tasmin,v20260512,2006-01-01 00:00:00,2100-12-31 00:00:00,True,ERA5 regrid,ERA5-1976-2005
154,/scratchu/tmandonnet/CORDEX5-Adjust/bias-adjusted-input/EUR-11/MPI-CSC/MPI-M-MPI-ESM-LR/historical/r1i1p1/MPI-CSC-REMO2009/RAW-NN/day/huss/v20260512/huss_EUR-11_MPI-M-MPI-ESM-LR_historical_r1i1p1_MPI-CSC-REMO2009_RAW-NN_day_19500102-20051231.nc,CORDEX5-Adjust,bias-adjusted-input,EUR-11,MPI-M-MPI-ESM-LR,historical,r1i1p1,MPI-CSC-REMO2009,BC2602,day,huss,v20260512,1950-01-02 00:00:00,2005-12-31 00:00:00,True,ERA5 regrid,ERA5-1976-2005
155,/scratchu/tmandonnet/CORDEX5-Adjust/bias-adjusted-input/EUR-11/MPI-CSC/MPI-M-MPI-ESM-LR/historical/r1i1p1/MPI-CSC-REMO2009/RAW-NN/day/pr/v20260512/pr_EUR-11_MPI-M-MPI-ESM-LR_historical_r1i1p1_MPI-CSC-REMO2009_RAW-NN_day_19500102-20051231.nc,CORDEX5-Adjust,bias-adjusted-input,EUR-11,MPI-M-MPI-ESM-LR,historical,r1i1p1,MPI-CSC-REMO2009,BC2602,day,pr,v20260512,1950-01-02 00:00:00,2005-12-31 00:00:00,True,ERA5 regrid,ERA5-1976-2005
156,/scratchu/tmandonnet/CORDEX5-Adjust/bias-adjusted-input/EUR-11/MPI-CSC/MPI-M-MPI-ESM-LR/historical/r1i1p1/MPI-CSC-REMO2009/RAW-NN/day/sfcWind/v20260512/sfcWind_EUR-11_MPI-M-MPI-ESM-LR_historical_r1i1p1_MPI-CSC-REMO2009_RAW-NN_day_19500102-20051231.nc,CORDEX5-Adjust,bias-adjusted-input,EUR-11,MPI-M-MPI-ESM-LR,historical,r1i1p1,MPI-CSC-REMO2009,BC2602,day,sfcWind,v20260512,1950-01-02 00:00:00,2005-12-31 00:00:00,True,ERA5 regrid,ERA5-1976-2005
157,/scratchu/tmandonnet/CORDEX5-Adjust/bias-adjusted-input/EUR-11/MPI-CSC/MPI-M-MPI-ESM-LR/historical/r1i1p1/MPI-CSC-REMO2009/RAW-NN/day/tas/v20260512/tas_EUR-11_MPI-M-MPI-ESM-LR_historical_r1i1p1_MPI-CSC-REMO2009_RAW-NN_day_19500102-20051231.nc,CORDEX5-Adjust,bias-adjusted-input,EUR-11,MPI-M-MPI-ESM-LR,historical,r1i1p1,MPI-CSC-REMO2009,BC2602,day,tas,v20260512,1950-01-02 00:00:00,2005-12-31 00:00:00,True,ERA5 regrid,ERA5-1976-2005
158,/scratchu/tmandonnet/CORDEX5-Adjust/bias-adjusted-input/EUR-11/MPI-CSC/MPI-M-MPI-ESM-LR/historical/r1i1p1/MPI-CSC-REMO2009/RAW-NN/day/tasmax/v20260512/tasmax_EUR-11_MPI-M-MPI-ESM-LR_historical_r1i1p1_MPI-CSC-REMO2009_RAW-NN_day_19500102-20051231.nc,CORDEX5-Adjust,bias-adjusted-input,EUR-11,MPI-M-MPI-ESM-LR,historical,r1i1p1,MPI-CSC-REMO2009,BC2602,day,tasmax,v20260512,1950-01-02 00:00:00,2005-12-31 00:00:00,True,ERA5 regrid,ERA5-1976-2005
159,/scratchu/tmandonnet/CORDEX5-Adjust/bias-adjusted-input/EUR-11/MPI-CSC/MPI-M-MPI-ESM-LR/historical/r1i1p1/MPI-CSC-REMO2009/RAW-NN/day/tasmin/v20260512/tasmin_EUR-11_MPI-M-MPI-ESM-LR_historical_r1i1p1_MPI-CSC-REMO2009_RAW-NN_day_19500102-20051231.nc,CORDEX5-Adjust,bias-adjusted-input,EUR-11,MPI-M-MPI-ESM-LR,historical,r1i1p1,MPI-CSC-REMO2009,BC2602,day,tasmin,v20260512,1950-01-02 00:00:00,2005-12-31 00:00:00,True,ERA5 regrid,ERA5-1976-2005
160,/scratchu/tmandonnet/CORDEX5-Adjust/bias-adjusted-input/EUR-11/MPI-CSC/MPI-M-MPI-ESM-LR/rcp45/r1i1p1/MPI-CSC-REMO2009/RAW-NN/day/huss/v20260512/huss_EUR-11_MPI-M-MPI-ESM-LR_rcp45_r1i1p1_MPI-CSC-REMO2009_RAW-NN_day_20060101-21001231.nc,CORDEX5-Adjust,bias-adjusted-input,EUR-11,MPI-M-MPI-ESM-LR,rcp45,r1i1p1,MPI-CSC-REMO2009,BC2602,day,huss,v20260512,2006-01-01 00:00:00,2100-12-31 00:00:00,True,ERA5 regrid,ERA5-1976-2005
161,/scratchu/tmandonnet/CORDEX5-Adjust/bias-adjusted-input/EUR-11/MPI-CSC/MPI-M-MPI-ESM-LR/rcp45/r1i1p1/MPI-CSC-REMO2009/RAW-NN/day/pr/v20260512/pr_EUR-11_MPI-M-MPI-ESM-LR_rcp45_r1i1p1_MPI-CSC-REMO2009_RAW-NN_day_20060101-21001231.nc,CORDEX5-Adjust,bias-adjusted-input,EUR-11,MPI-M-MPI-ESM-LR,rcp45,r1i1p1,MPI-CSC-REMO2009,BC2602,day,pr,v20260512,2006-01-01 00:00:00,2100-12-31 00:00:00,True,ERA5 regrid,ERA5-1976-2005
162,/scratchu/tmandonnet/CORDEX5-Adjust/bias-adjusted-input/EUR-11/MPI-CSC/MPI-M-MPI-ESM-LR/rcp45/r1i1p1/MPI-CSC-REMO2009/RAW-NN/day/sfcWind/v20260512/sfcWind_EUR-11_MPI-M-MPI-ESM-LR_rcp45_r1i1p1_MPI-CSC-REMO2009_RAW-NN_day_20060101-21001231.nc,CORDEX5-Adjust,bias-adjusted-input,EUR-11,MPI-M-MPI-ESM-LR,rcp45,r1i1p1,MPI-CSC-REMO2009,BC2602,day,sfcWind,v20260512,2006-01-01 00:00:00,2100-12-31 00:00:00,True,ERA5 regrid,ERA5-1976-2005
163,/scratchu/tmandonnet/CORDEX5-Adjust/bias-adjusted-input/EUR-11/MPI-CSC/MPI-M-MPI-ESM-LR/rcp45/r1i1p1/MPI-CSC-REMO2009/RAW-NN/day/tas/v20260512/tas_EUR-11_MPI-M-MPI-ESM-LR_rcp45_r1i1p1_MPI-CSC-REMO2009_RAW-NN_day_20060101-21001231.nc,CORDEX5-Adjust,bias-adjusted-input,EUR-11,MPI-M-MPI-ESM-LR,rcp45,r1i1p1,MPI-CSC-REMO2009,BC2602,day,tas,v20260512,2006-01-01 00:00:00,2100-12-31 00:00:00,True,ERA5 regrid,ERA5-1976-2005
164,/scratchu/tmandonnet/CORDEX5-Adjust/bias-adjusted-input/EUR-11/MPI-CSC/MPI-M-MPI-ESM-LR/rcp45/r1i1p1/MPI-CSC-REMO2009/RAW-NN/day/tasmax/v20260512/tasmax_EUR-11_MPI-M-MPI-ESM-LR_rcp45_r1i1p1_MPI-CSC-REMO2009_RAW-NN_day_20060101-21001231.nc,CORDEX5-Adjust,bias-adjusted-input,EUR-11,MPI-M-MPI-ESM-LR,rcp45,r1i1p1,MPI-CSC-REMO2009,BC2602,day,tasmax,v20260512,2006-01-01 00:00:00,2100-12-31 00:00:00,True,ERA5 regrid,ERA5-1976-2005
165,/scratchu/tmandonnet/CORDEX5-Adjust/bias-adjusted-input/EUR-11/MPI-CSC/MPI-M-MPI-ESM-LR/rcp45/r1i1p1/MPI-CSC-REMO2009/RAW-NN/day/tasmin/v20260512/tasmin_EUR-11_MPI-M-MPI-ESM-LR_rcp45_r1i1p1_MPI-CSC-REMO2009_RAW-NN_day_20060101-21001231.nc,CORDEX5-Adjust,bias-adjusted-input,EUR-11,MPI-M-MPI-ESM-LR,rcp45,r1i1p1,MPI-CSC-REMO2009,BC2602,day,tasmin,v20260512,2006-01-01 00:00:00,2100-12-31 00:00:00,True,ERA5 regrid,ERA5-1976-2005
166,/scratchu/tmandonnet/CORDEX5-Adjust/bias-adjusted-input/EUR-11/MPI-CSC/MPI-M-MPI-ESM-LR/rcp85/r1i1p1/MPI-CSC-REMO2009/RAW-NN/day/huss/v20260512/huss_EUR-11_MPI-M-MPI-ESM-LR_rcp85_r1i1p1_MPI-CSC-REMO2009_RAW-NN_day_20060101-21001231.nc,CORDEX5-Adjust,bias-adjusted-input,EUR-11,MPI-M-MPI-ESM-LR,rcp85,r1i1p1,MPI-CSC-REMO2009,BC2602,day,huss,v20260512,2006-01-01 00:00:00,2100-12-31 00:00:00,True,ERA5 regrid,ERA5-1976-2005
167,/scratchu/tmandonnet/CORDEX5-Adjust/bias-adjusted-input/EUR-11/MPI-CSC/MPI-M-MPI-ESM-LR/rcp85/r1i1p1/MPI-CSC-REMO2009/RAW-NN/day/pr/v20260512/pr_EUR-11_MPI-M-MPI-ESM-LR_rcp85_r1i1p1_MPI-CSC-REMO2009_RAW-NN_day_20060101-21001231.nc,CORDEX5-Adjust,bias-adjusted-input,EUR-11,MPI-M-MPI-ESM-LR,rcp85,r1i1p1,MPI-CSC-REMO2009,BC2602,day,pr,v20260512,2006-01-01 00:00:00,2100-12-31 00:00:00,True,ERA5 regrid,ERA5-1976-2005
168,/scratchu/tmandonnet/CORDEX5-Adjust/bias-adjusted-input/EUR-11/MPI-CSC/MPI-M-MPI-ESM-LR/rcp85/r1i1p1/MPI-CSC-REMO2009/RAW-NN/day/sfcWind/v20260512/sfcWind_EUR-11_MPI-M-MPI-ESM-LR_rcp85_r1i1p1_MPI-CSC-REMO2009_RAW-NN_day_20060101-21001231.nc,CORDEX5-Adjust,bias-adjusted-input,EUR-11,MPI-M-MPI-ESM-LR,rcp85,r1i1p1,MPI-CSC-REMO2009,BC2602,day,sfcWind,v20260512,2006-01-01 00:00:00,2100-12-31 00:00:00,True,ERA5 regrid,ERA5-1976-2005
169,/scratchu/tmandonnet/CORDEX5-Adjust/bias-adjusted-input/EUR-11/MPI-CSC/MPI-M-MPI-ESM-LR/rcp85/r1i1p1/MPI-CSC-REMO2009/RAW-NN/day/tas/v20260512/tas_EUR-11_MPI-M-MPI-ESM-LR_rcp85_r1i1p1_MPI-CSC-REMO2009_RAW-NN_day_20060101-21001231.nc,CORDEX5-Adjust,bias-adjusted-input,EUR-11,MPI-M-MPI-ESM-LR,rcp85,r1i1p1,MPI-CSC-REMO2009,BC2602,day,tas,v20260512,2006-01-01 00:00:00,2100-12-31 00:00:00,True,ERA5 regrid,ERA5-1976-2005
170,/scratchu/tmandonnet/CORDEX5-Adjust/bias-adjusted-input/EUR-11/MPI-CSC/MPI-M-MPI-ESM-LR/rcp85/r1i1p1/MPI-CSC-REMO2009/RAW-NN/day/tasmax/v20260512/tasmax_EUR-11_MPI-M-MPI-ESM-LR_rcp85_r1i1p1_MPI-CSC-REMO2009_RAW-NN_day_20060101-21001231.nc,CORDEX5-Adjust,bias-adjusted-input,EUR-11,MPI-M-MPI-ESM-LR,rcp85,r1i1p1,MPI-CSC-REMO2009,BC2602,day,tasmax,v20260512,2006-01-01 00:00:00,2100-12-31 00:00:00,True,ERA5 regrid,ERA5-1976-2005
171,/scratchu/tmandonnet/CORDEX5-Adjust/bias-adjusted-input/EUR-11/MPI-CSC/MPI-M-MPI-ESM-LR/rcp85/r1i1p1/MPI-CSC-REMO2009/RAW-NN/day/tasmin/v20260512/tasmin_EUR-11_MPI-M-MPI-ESM-LR_rcp85_r1i1p1_MPI-CSC-REMO2009_RAW-NN_day_20060101-21001231.nc,CORDEX5-Adjust,bias-adjusted-input,EUR-11,MPI-M-MPI-ESM-LR,rcp85,r1i1p1,MPI-CSC-REMO2009,BC2602,day,tasmin,v20260512,2006-01-01 00:00:00,2100-12-31 00:00:00,True,ERA5 regrid,ERA5-1976-2005
172,/scratchu/tmandonnet/CORDEX5-Adjust/bias-adjusted-input/EUR-11/SMHI/ICHEC-EC-EARTH/historical/r1i1p1/SMHI-RCA4/RAW-NN/day/hurs/v20260512/hurs_EUR-11_ICHEC-EC-EARTH_historical_r1i1p1_SMHI-RCA4_RAW-NN_day_19700101-20051231.nc,CORDEX5-Adjust,bias-adjusted-input,EUR-11,ICHEC-EC-EARTH,historical,r1i1p1,SMHI-RCA4,BC2602,day,hurs,v20260512,1970-01-01 00:00:00,2005-12-31 00:00:00,True,ERA5 regrid,ERA5-1976-2005
173,/scratchu/tmandonnet/CORDEX5-Adjust/bias-adjusted-input/EUR-11/SMHI/ICHEC-EC-EARTH/historical/r1i1p1/SMHI-RCA4/RAW-NN/day/pr/v20260512/pr_EUR-11_ICHEC-EC-EARTH_historical_r1i1p1_SMHI-RCA4_RAW-NN_day_19700101-20051231.nc,CORDEX5-Adjust,bias-adjusted-input,EUR-11,ICHEC-EC-EARTH,historical,r1i1p1,SMHI-RCA4,BC2602,day,pr,v20260512,1970-01-01 00:00:00,2005-12-31 00:00:00,True,ERA5 regrid,ERA5-1976-2005
174,/scratchu/tmandonnet/CORDEX5-Adjust/bias-adjusted-input/EUR-11/SMHI/ICHEC-EC-EARTH/historical/r1i1p1/SMHI-RCA4/RAW-NN/day/sfcWind/v20260512/sfcWind_EUR-11_ICHEC-EC-EARTH_historical_r1i1p1_SMHI-RCA4_RAW-NN_day_19700101-20051231.nc,CORDEX5-Adjust,bias-adjusted-input,EUR-11,ICHEC-EC-EARTH,historical,r1i1p1,SMHI-RCA4,BC2602,day,sfcWind,v20260512,1970-01-01 00:00:00,2005-12-31 00:00:00,True,ERA5 regrid,ERA5-1976-2005
175,/scratchu/tmandonnet/CORDEX5-Adjust/bias-adjusted-input/EUR-11/SMHI/ICHEC-EC-EARTH/historical/r1i1p1/SMHI-RCA4/RAW-NN/day/tas/v20260512/tas_EUR-11_ICHEC-EC-EARTH_historical_r1i1p1_SMHI-RCA4_RAW-NN_day_19700101-20051231.nc,CORDEX5-Adjust,bias-adjusted-input,EUR-11,ICHEC-EC-EARTH,historical,r1i1p1,SMHI-RCA4,BC2602,day,tas,v20260512,1970-01-01 00:00:00,2005-12-31 00:00:00,True,ERA5 regrid,ERA5-1976-2005
176,/scratchu/tmandonnet/CORDEX5-Adjust/bias-adjusted-input/EUR-11/SMHI/ICHEC-EC-EARTH/historical/r1i1p1/SMHI-RCA4/RAW-NN/day/tasmax/v20260512/tasmax_EUR-11_ICHEC-EC-EARTH_historical_r1i1p1_SMHI-RCA4_RAW-NN_day_19700101-20051231.nc,CORDEX5-Adjust,bias-adjusted-input,EUR-11,ICHEC-EC-EARTH,historical,r1i1p1,SMHI-RCA4,BC2602,day,tasmax,v20260512,1970-01-01 00:00:00,2005-12-31 00:00:00,True,ERA5 regrid,ERA5-1976-2005
177,/scratchu/tmandonnet/CORDEX5-Adjust/bias-adjusted-input/EUR-11/SMHI/ICHEC-EC-EARTH/historical/r1i1p1/SMHI-RCA4/RAW-NN/day/tasmin/v20260512/tasmin_EUR-11_ICHEC-EC-EARTH_historical_r1i1p1_SMHI-RCA4_RAW-NN_day_19700101-20051231.nc,CORDEX5-Adjust,bias-adjusted-input,EUR-11,ICHEC-EC-EARTH,historical,r1i1p1,SMHI-RCA4,BC2602,day,tasmin,v20260512,1970-01-01 00:00:00,2005-12-31 00:00:00,True,ERA5 regrid,ERA5-1976-2005
178,/scratchu/tmandonnet/CORDEX5-Adjust/bias-adjusted-input/EUR-11/SMHI/ICHEC-EC-EARTH/rcp85/r1i1p1/SMHI-RCA4/RAW-NN/day/hurs/v20260512/hurs_EUR-11_ICHEC-EC-EARTH_rcp85_r1i1p1_SMHI-RCA4_RAW-NN_day_20060101-21001231.nc,CORDEX5-Adjust,bias-adjusted-input,EUR-11,ICHEC-EC-EARTH,rcp85,r1i1p1,SMHI-RCA4,BC2602,day,hurs,v20260512,2006-01-01 00:00:00,2100-12-31 00:00:00,True,ERA5 regrid,ERA5-1976-2005
179,/scratchu/tmandonnet/CORDEX5-Adjust/bias-adjusted-input/EUR-11/SMHI/ICHEC-EC-EARTH/rcp85/r1i1p1/SMHI-RCA4/RAW-NN/day/pr/v20260512/pr_EUR-11_ICHEC-EC-EARTH_rcp85_r1i1p1_SMHI-RCA4_RAW-NN_day_20060101-21001231.nc,CORDEX5-Adjust,bias-adjusted-input,EUR-11,ICHEC-EC-EARTH,rcp85,r1i1p1,SMHI-RCA4,BC2602,day,pr,v20260512,2006-01-01 00:00:00,2100-12-31 00:00:00,True,ERA5 regrid,ERA5-1976-2005
180,/scratchu/tmandonnet/CORDEX5-Adjust/bias-adjusted-input/EUR-11/SMHI/ICHEC-EC-EARTH/rcp85/r1i1p1/SMHI-RCA4/RAW-NN/day/sfcWind/v20260512/sfcWind_EUR-11_ICHEC-EC-EARTH_rcp85_r1i1p1_SMHI-RCA4_RAW-NN_day_20060101-21001231.nc,CORDEX5-Adjust,bias-adjusted-input,EUR-11,ICHEC-EC-EARTH,rcp85,r1i1p1,SMHI-RCA4,BC2602,day,sfcWind,v20260512,2006-01-01 00:00:00,2100-12-31 00:00:00,True,ERA5 regrid,ERA5-1976-2005
181,/scratchu/tmandonnet/CORDEX5-Adjust/bias-adjusted-input/EUR-11/SMHI/ICHEC-EC-EARTH/rcp85/r1i1p1/SMHI-RCA4/RAW-NN/day/tas/v20260512/tas_EUR-11_ICHEC-EC-EARTH_rcp85_r1i1p1_SMHI-RCA4_RAW-NN_day_20060101-21001231.nc,CORDEX5-Adjust,bias-adjusted-input,EUR-11,ICHEC-EC-EARTH,rcp85,r1i1p1,SMHI-RCA4,BC2602,day,tas,v20260512,2006-01-01 00:00:00,2100-12-31 00:00:00,True,ERA5 regrid,ERA5-1976-2005
182,/scratchu/tmandonnet/CORDEX5-Adjust/bias-adjusted-input/EUR-11/SMHI/ICHEC-EC-EARTH/rcp85/r1i1p1/SMHI-RCA4/RAW-NN/day/tasmax/v20260512/tasmax_EUR-11_ICHEC-EC-EARTH_rcp85_r1i1p1_SMHI-RCA4_RAW-NN_day_20060101-21001231.nc,CORDEX5-Adjust,bias-adjusted-input,EUR-11,ICHEC-EC-EARTH,rcp85,r1i1p1,SMHI-RCA4,BC2602,day,tasmax,v20260512,2006-01-01 00:00:00,2100-12-31 00:00:00,True,ERA5 regrid,ERA5-1976-2005
183,/scratchu/tmandonnet/CORDEX5-Adjust/bias-adjusted-input/EUR-11/SMHI/ICHEC-EC-EARTH/rcp85/r1i1p1/SMHI-RCA4/RAW-NN/day/tasmin/v20260512/tasmin_EUR-11_ICHEC-EC-EARTH_rcp85_r1i1p1_SMHI-RCA4_RAW-NN_day_20060101-21001231.nc,CORDEX5-Adjust,bias-adjusted-input,EUR-11,ICHEC-EC-EARTH,rcp85,r1i1p1,SMHI-RCA4,BC2602,day,tasmin,v20260512,2006-01-01 00:00:00,2100-12-31 00:00:00,True,ERA5 regrid,ERA5-1976-2005
